"Element","Control System Name"
"SOL1BKB","SOLN:GUNB:100"
"CATHODEB","CATH:GUNB:100"
"CQ01B","QUAD:GUNB:212:1"
"SOL1B","SOLN:GUNB:212"
"SQ01B","QUAD:GUNB:212:2"
"VV01B",""
"XC01B","XCOR:GUNB:293"
"YC01B","YCOR:GUNB:293"
"BPM1B","BPMS:GUNB:314"
"IM01B","TORO:GUNB:360"
"XC02B","XCOR:GUNB:388"
"YC02B","YCOR:GUNB:388"
"BUN1B","ACCL:GUNB:455"
"XC03B","XCOR:GUNB:513"
"YC03B","YCOR:GUNB:513"
"XC04B","XCOR:GUNB:713"
"YC04B","YCOR:GUNB:713"
"YAG01B","YAGS:GUNB:753"
"CQ02B","QUAD:GUNB:823:1"
"SOL2B","SOLN:GUNB:823"
"SQ02B","QUAD:GUNB:823:2"
"VV02B",""
"BPM2B","BPMS:GUNB:925"
"XC05B","XCOR:GUNB:927"
"YC05B","YCOR:GUNB:927"
"CAVL011","ACCL:L0B:0110"
"CAVL012","ACCL:L0B:0120"
"CAVL013","ACCL:L0B:0130"
"CAVL014","ACCL:L0B:0140"
"CAVL015","ACCL:L0B:0150"
"CSP01",""
"CAVL016","ACCL:L0B:0160"
"CAVL017","ACCL:L0B:0170"
"CAVL018","ACCL:L0B:0180"
"CMB01","BPMS:L0B:0183"
"QCM01","QUAD:L0B:0185"
"XCM01","XCOR:L0B:0185"
"YCM01","YCOR:L0B:0185"
"RFB0H00",""
"PC0H00","COLL:HTR:103"
"BPM0H01","BPMS:HTR:120"
"Q0H01","QUAD:HTR:120"
"YC0H01","YCOR:HTR:129"
"Q0H02","QUAD:HTR:140"
"XC0H01","XCOR:HTR:148"
"XC0H03","XCOR:HTR:288"
"Q0H03","QUAD:HTR:300"
"YC0H03","YCOR:HTR:309"
"BPM0H04","BPMS:HTR:320"
"Q0H04","QUAD:HTR:320"
"RFB0H04",""
"OTR0H04",""
"WS0H04","WIRE:HTR:340"
"BZ0H04","BLEN:HTR:350"
"BPM0H05","BPMS:HTR:365"
"Q0H05","QUAD:HTR:365"
"YC0H05","YCOR:HTR:377"
"Q0H06","QUAD:HTR:385"
"XC0H05","XCOR:HTR:396"
"XC0H07","XCOR:HTR:428"
"Q0H07","QUAD:HTR:440"
"YC0H07","YCOR:HTR:451"
"BPM0H08","BPMS:HTR:460"
"Q0H08","QUAD:HTR:460"
"RFB0H08",""
"BCXH1","BEND:HTR:480"
"BPMH1","BPMS:HTR:540"
"BCXH2","BEND:HTR:600"
"CEHTR","COLL:HTR:615"
"YAGH1","YAGS:HTR:625"
"UMHTR","USEG:HTR:650"
"YAGH2","YAGS:HTR:675"
"BCXH3","BEND:HTR:700"
"BPMH2","BPMS:HTR:760"
"BCXH4","BEND:HTR:820"
"RFBHD00",""
"BPMHD01","BPMS:HTR:830"
"QHD01","QUAD:HTR:830"
"YCHD01","YCOR:HTR:841"
"XCHD01","XCOR:HTR:848"
"BPMHD02","BPMS:HTR:860"
"QHD02","QUAD:HTR:860"
"IMBCSI1",""
"IMBCSI2",""
"YCHD03","YCOR:HTR:951"
"BPMHD03","BPMS:HTR:960"
"QHD03","QUAD:HTR:960"
"XCHD03","XCOR:HTR:974"
"BPMHD04","BPMS:HTR:980"
"QHD04","QUAD:HTR:980"
"RFBHD04",""
"BKRDG0","KICK:DIAG0:110"
"BPMDG000","BPMS:COL0:135"
"BPMDG000?","BPMS:DIAG0:135"
"BLRDG0","BEND:DIAG0:155"
"RFBDG001","BPMS:DIAG0:160"
"XCDG001","XCOR:DIAG0:178"
"BPMDG001","BPMS:DIAG0:190"
"QDG001","QUAD:DIAG0:190"
"YCDG001","YCOR:DIAG0:199"
"BPMDG002","BPMS:DIAG0:210"
"QDG002","QUAD:DIAG0:210"
"XCC000","XCOR:COL0:235"
"YCC000","YCOR:COL0:235"
"XCDG002","XCOR:DIAG0:218"
"BPMC001","BPMS:COL0:240"
"QC001","QUAD:COL0:240"
"BPMDG003","BPMS:DIAG0:230"
"QDG003","QUAD:DIAG0:230"
"BPMC002","BPMS:COL0:260"
"QC002","QUAD:COL0:260"
"YCDG002","YCOR:DIAG0:247"
"BXDG0","BEND:DIAG0:260"
"BPMC003","BPMS:COL0:280"
"QC003","QUAD:COL0:280"
"YCC003","YCOR:COL0:289"
"BPMDG004","BPMS:DIAG0:270"
"QDG004","QUAD:DIAG0:270"
"XCDG003","XCOR:DIAG0:280"
"YCDG003","YCOR:DIAG0:280"
"BPMDG005","BPMS:DIAG0:285"
"QDG005","QUAD:DIAG0:285"
"XCDG005","XCOR:DIAG0:290"
"YCDG005","YCOR:DIAG0:290"
"BPMC004","BPMS:COL0:320"
"QC004","QUAD:COL0:320"
"XCC004","XCOR:COL0:328"
"QDG006","QUAD:DIAG0:300"
"TCYDG0","ACCL:DIAG0:320"
"BPMDG0RF","BPMS:DIAG0:330"
"TCXDG0","ACCL:DIAG0:340"
"QDG007","QUAD:DIAG0:360"
"BPMDG008","BPMS:DIAG0:370"
"QDG008","QUAD:DIAG0:370"
"XCDG008","XCOR:DIAG0:380"
"YCDG008","YCOR:DIAG0:380"
"BPMDG009","BPMS:DIAG0:390"
"QDG009","QUAD:DIAG0:390"
"OTRDG01","OTRS:DIAG0:396"
"CYC01","COLL:COL0:390"
"BPMC005","BPMS:COL0:400"
"QC005","QUAD:COL0:400"
"RFBDG002","BPMS:DIAG0:410"
"YCC005","YCOR:COL0:409"
"OTRDG02","OTRS:DIAG0:420"
"WSDG01","WIRE:DIAG0:424"
"OTRDG03","OTRS:DIAG0:440"
"QDG010","QUAD:DIAG0:455"
"XCDG010","XCOR:DIAG0:460"
"YCDG010","YCOR:DIAG0:460"
"BPMDG011","BPMS:DIAG0:470"
"QDG011","QUAD:DIAG0:470"
"RFBDG003","BPMS:DIAG0:480"
"CXC01","COLL:COL0:470"
"BPMC006","BPMS:COL0:480"
"QC006","QUAD:COL0:480"
"XCC006","XCOR:COL0:488"
"BYDG0","BEND:DIAG0:510"
"BPMDG012","BPMS:DIAG0:520"
"OTRDG04","OTRS:DIAG0:525"
"FCDG0DU","FARC:DIAG0:530"
"OTRC006","PROF:COL0:535"
"WSC006","WIRE:COL0:540"
"RFBC006","BPMS:COL0:545"
"CYC02","COLL:COL0:550"
"BPMC007","BPMS:COL0:560"
"QC007","QUAD:COL0:560"
"YCC007","YCOR:COL0:569"
"CXC02","COLL:COL0:630"
"BPMC008","BPMS:COL0:640"
"QC008","QUAD:COL0:640"
"XCC008","XCOR:COL0:648"
"CYC03","COLL:COL0:710"
"BPMC009","BPMS:COL0:720"
"QC009","QUAD:COL0:720"
"YCC009","YCOR:COL0:729"
"CXC03","COLL:COL0:790"
"BPMC010","BPMS:COL0:800"
"QC010","QUAD:COL0:800"
"XCC010","XCOR:COL0:808"
"RFBC011","BPMS:COL0:875"
"BPMC011","BPMS:COL0:880"
"QC011","QUAD:COL0:880"
"YCC011","YCOR:COL0:889"
"XCC012","XCOR:COL0:932"
"BPMC012","BPMS:COL0:940"
"QC012","QUAD:COL0:940"
"CAVL021","ACCL:L1B:0210"
"CAVL022","ACCL:L1B:0220"
"CAVL023","ACCL:L1B:0230"
"CAVL024","ACCL:L1B:0240"
"CAVL025","ACCL:L1B:0250"
"CSP02",""
"CAVL026","ACCL:L1B:0260"
"CAVL027","ACCL:L1B:0270"
"CAVL028","ACCL:L1B:0280"
"CMB02","BPMS:L1B:0283"
"QCM02","QUAD:L1B:0285"
"XCM02","XCOR:L1B:0285"
"YCM02","YCOR:L1B:0285"
"CAVL031","ACCL:L1B:0310"
"CAVL032","ACCL:L1B:0320"
"CAVL033","ACCL:L1B:0330"
"CAVL034","ACCL:L1B:0340"
"CAVL035","ACCL:L1B:0350"
"CSP03",""
"CAVL036","ACCL:L1B:0360"
"CAVL037","ACCL:L1B:0370"
"CAVL038","ACCL:L1B:0380"
"CMB03","BPMS:L1B:0383"
"QCM03","QUAD:L1B:0385"
"XCM03","XCOR:L1B:0385"
"YCM03","YCOR:L1B:0385"
"CAVC011","ACCL:L1B:H110"
"CSPH1",""
"CAVC012","ACCL:L1B:H120"
"CAVC013","ACCL:L1B:H130"
"CAVC014","ACCL:L1B:H140"
"CAVC015","ACCL:L1B:H150"
"CAVC016","ACCL:L1B:H160"
"CAVC017","ACCL:L1B:H170"
"CAVC018","ACCL:L1B:H180"
"CMBH1","BPMS:L1B:H183"
"CAVC021","ACCL:L1B:H210"
"CSPH2",""
"CAVC022","ACCL:L1B:H220"
"CAVC023","ACCL:L1B:H230"
"CAVC024","ACCL:L1B:H240"
"CAVC025","ACCL:L1B:H250"
"CAVC026","ACCL:L1B:H260"
"CAVC027","ACCL:L1B:H270"
"CAVC028","ACCL:L1B:H280"
"CMBH2","BPMS:L1B:H283"
"XC1C00","XCOR:BC1B:100"
"YC1C00","YCOR:BC1B:100"
"BPM1C01","BPMS:BC1B:125"
"Q1C01","QUAD:BC1B:125"
"RFB1C01","BPMS:BC1B:126"
"BCX11","BEND:BC1B:200"
"CQ11B","QUAD:BC1B:250"
"YCM12B","YCOR:BC1B:277"
"BCX12","BEND:BC1B:400"
"BPM11B","BPMS:BC1B:440"
"CE11B","COLL:BC1B:450"
"OTR11B","PROF:BC1B:470"
"WS11B","WIRE:BC1B:520"
"BCX13","BEND:BC1B:600"
"SQ13B","QUAD:BC1B:625"
"XCM12B","XCOR:BC1B:722"
"CQ12B","QUAD:BC1B:750"
"BCX14","BEND:BC1B:800"
"BZ11B","BLEN:BC1B:850"
"BZC1","BLEN:BC1B:851"
"BPMC101","BPMS:COL1:120"
"QC101","QUAD:COL1:120"
"IM11B","TORO:COL1:125"
"XCC101","XCOR:COL1:128"
"YCC101","YCOR:COL1:129"
"BPMC102","BPMS:COL1:260"
"QC102","QUAD:COL1:260"
"BPMC103","BPMS:COL1:280"
"QC103","QUAD:COL1:280"
"BPMC104","BPMS:COL1:320"
"QC104","QUAD:COL1:320"
"XCC104","XCOR:COL1:328"
"RFBC104","BPMS:COL1:355"
"WSC104","WIRE:COL1:360"
"CYC11","COLL:COL1:390"
"BPMC105","BPMS:COL1:400"
"QC105","QUAD:COL1:400"
"YCC105","YCOR:COL1:409"
"CXC11","COLL:COL1:470"
"BPMC106","BPMS:COL1:480"
"QC106","QUAD:COL1:480"
"XCC106","XCOR:COL1:488"
"RFBC106","BPMS:COL1:515"
"WSC106","WIRE:COL1:520"
"CYC12","COLL:COL1:550"
"BPMC107","BPMS:COL1:560"
"QC107","QUAD:COL1:560"
"YCC107","YCOR:COL1:569"
"CXC12","COLL:COL1:630"
"BPMC108","BPMS:COL1:640"
"QC108","QUAD:COL1:640"
"XCC108","XCOR:COL1:648"
"RFBC108","BPMS:COL1:675"
"WSC108","WIRE:COL1:680"
"CYC13","COLL:COL1:710"
"BPMC109","BPMS:COL1:720"
"QC109","QUAD:COL1:720"
"YCC109","YCOR:COL1:729"
"CXC13","COLL:COL1:790"
"BPMC110","BPMS:COL1:800"
"QC110","QUAD:COL1:800"
"XCC110","XCOR:COL1:808"
"RFBC110","BPMS:COL1:835"
"WSC110","WIRE:COL1:840"
"BPMC111","BPMS:COL1:880"
"QC111","QUAD:COL1:880"
"YCC111","YCOR:COL1:889"
"BPMC112","BPMS:COL1:960"
"QC112","QUAD:COL1:960"
"XCC112","XCOR:COL1:968"
"CAVL041","ACCL:L2B:0410"
"CAVL042","ACCL:L2B:0420"
"CAVL043","ACCL:L2B:0430"
"CAVL044","ACCL:L2B:0440"
"CAVL045","ACCL:L2B:0450"
"CSP04",""
"CAVL046","ACCL:L2B:0460"
"CAVL047","ACCL:L2B:0470"
"CAVL048","ACCL:L2B:0480"
"CMB04","BPMS:L2B:0483"
"QCM04","QUAD:L2B:0485"
"XCM04","XCOR:L2B:0485"
"YCM04","YCOR:L2B:0485"
"CAVL051","ACCL:L2B:0510"
"CAVL052","ACCL:L2B:0520"
"CAVL053","ACCL:L2B:0530"
"CAVL054","ACCL:L2B:0540"
"CAVL055","ACCL:L2B:0550"
"CSP05",""
"CAVL056","ACCL:L2B:0560"
"CAVL057","ACCL:L2B:0570"
"CAVL058","ACCL:L2B:0580"
"CMB05","BPMS:L2B:0583"
"QCM05","QUAD:L2B:0585"
"XCM05","XCOR:L2B:0585"
"YCM05","YCOR:L2B:0585"
"CAVL061","ACCL:L2B:0610"
"CAVL062","ACCL:L2B:0620"
"CAVL063","ACCL:L2B:0630"
"CAVL064","ACCL:L2B:0640"
"CAVL065","ACCL:L2B:0650"
"CSP06",""
"CAVL066","ACCL:L2B:0660"
"CAVL067","ACCL:L2B:0670"
"CAVL068","ACCL:L2B:0680"
"CMB06","BPMS:L2B:0683"
"QCM06","QUAD:L2B:0685"
"XCM06","XCOR:L2B:0685"
"YCM06","YCOR:L2B:0685"
"CAVL071","ACCL:L2B:0710"
"CAVL072","ACCL:L2B:0720"
"CAVL073","ACCL:L2B:0730"
"CAVL074","ACCL:L2B:0740"
"CAVL075","ACCL:L2B:0750"
"CSP07",""
"CAVL076","ACCL:L2B:0760"
"CAVL077","ACCL:L2B:0770"
"CAVL078","ACCL:L2B:0780"
"CMB07","BPMS:L2B:0783"
"QCM07","QUAD:L2B:0785"
"XCM07","XCOR:L2B:0785"
"YCM07","YCOR:L2B:0785"
"CAVL081","ACCL:L2B:0810"
"CAVL082","ACCL:L2B:0820"
"CAVL083","ACCL:L2B:0830"
"CAVL084","ACCL:L2B:0840"
"CAVL085","ACCL:L2B:0850"
"CSP08",""
"CAVL086","ACCL:L2B:0860"
"CAVL087","ACCL:L2B:0870"
"CAVL088","ACCL:L2B:0880"
"CMB08","BPMS:L2B:0883"
"QCM08","QUAD:L2B:0885"
"XCM08","XCOR:L2B:0885"
"YCM08","YCOR:L2B:0885"
"CAVL091","ACCL:L2B:0910"
"CAVL092","ACCL:L2B:0920"
"CAVL093","ACCL:L2B:0930"
"CAVL094","ACCL:L2B:0940"
"CAVL095","ACCL:L2B:0950"
"CSP09",""
"CAVL096","ACCL:L2B:0960"
"CAVL097","ACCL:L2B:0970"
"CAVL098","ACCL:L2B:0980"
"CMB09","BPMS:L2B:0983"
"QCM09","QUAD:L2B:0985"
"XCM09","XCOR:L2B:0985"
"YCM09","YCOR:L2B:0985"
"CAVL101","ACCL:L2B:1010"
"CAVL102","ACCL:L2B:1020"
"CAVL103","ACCL:L2B:1030"
"CAVL104","ACCL:L2B:1040"
"CAVL105","ACCL:L2B:1050"
"CSP10",""
"CAVL106","ACCL:L2B:1060"
"CAVL107","ACCL:L2B:1070"
"CAVL108","ACCL:L2B:1080"
"CMB10","BPMS:L2B:1083"
"QCM10","QUAD:L2B:1085"
"XCM10","XCOR:L2B:1085"
"YCM10","YCOR:L2B:1085"
"CAVL111","ACCL:L2B:1110"
"CAVL112","ACCL:L2B:1120"
"CAVL113","ACCL:L2B:1130"
"CAVL114","ACCL:L2B:1140"
"CAVL115","ACCL:L2B:1150"
"CSP11",""
"CAVL116","ACCL:L2B:1160"
"CAVL117","ACCL:L2B:1170"
"CAVL118","ACCL:L2B:1180"
"CMB11","BPMS:L2B:1183"
"QCM11","QUAD:L2B:1185"
"XCM11","XCOR:L2B:1185"
"YCM11","YCOR:L2B:1185"
"CAVL121","ACCL:L2B:1210"
"CAVL122","ACCL:L2B:1220"
"CAVL123","ACCL:L2B:1230"
"CAVL124","ACCL:L2B:1240"
"CAVL125","ACCL:L2B:1250"
"CSP12",""
"CAVL126","ACCL:L2B:1260"
"CAVL127","ACCL:L2B:1270"
"CAVL128","ACCL:L2B:1280"
"CMB12","BPMS:L2B:1283"
"QCM12","QUAD:L2B:1285"
"XCM12","XCOR:L2B:1285"
"YCM12","YCOR:L2B:1285"
"CAVL131","ACCL:L2B:1310"
"CAVL132","ACCL:L2B:1320"
"CAVL133","ACCL:L2B:1330"
"CAVL134","ACCL:L2B:1340"
"CAVL135","ACCL:L2B:1350"
"CSP13",""
"CAVL136","ACCL:L2B:1360"
"CAVL137","ACCL:L2B:1370"
"CAVL138","ACCL:L2B:1380"
"CMB13","BPMS:L2B:1383"
"QCM13","QUAD:L2B:1385"
"XCM13","XCOR:L2B:1385"
"YCM13","YCOR:L2B:1385"
"CAVL141","ACCL:L2B:1410"
"CAVL142","ACCL:L2B:1420"
"CAVL143","ACCL:L2B:1430"
"CAVL144","ACCL:L2B:1440"
"CAVL145","ACCL:L2B:1450"
"CSP14",""
"CAVL146","ACCL:L2B:1460"
"CAVL147","ACCL:L2B:1470"
"CAVL148","ACCL:L2B:1480"
"CMB14","BPMS:L2B:1483"
"QCM14","QUAD:L2B:1485"
"XCM14","XCOR:L2B:1485"
"YCM14","YCOR:L2B:1485"
"CAVL151","ACCL:L2B:1510"
"CAVL152","ACCL:L2B:1520"
"CAVL153","ACCL:L2B:1530"
"CAVL154","ACCL:L2B:1540"
"CAVL155","ACCL:L2B:1550"
"CSP15",""
"CAVL156","ACCL:L2B:1560"
"CAVL157","ACCL:L2B:1570"
"CAVL158","ACCL:L2B:1580"
"CMB15","BPMS:L2B:1583"
"QCM15","QUAD:L2B:1585"
"XCM15","XCOR:L2B:1585"
"YCM15","YCOR:L2B:1585"
"RFB2C00","BPMS:L2B:1593"
"XC2C00","XCOR:BC2B:126"
"YC2C00","YCOR:BC2B:137"
"BPM2C01","BPMS:BC2B:150"
"Q2C01","QUAD:BC2B:150"
"RFB2C01","BPMS:BC2B:151"
"BCX21","BEND:BC2B:200"
"CQ21B","QUAD:BC2B:250"
"BCX22","BEND:BC2B:500"
"BPM21B","BPMS:BC2B:530"
"CE21B","COLL:BC2B:535"
"OTR21B","PROF:BC2B:545"
"WS21B","WIRE:BC2B:570"
"BCX23","BEND:BC2B:600"
"CQ22B","QUAD:BC2B:850"
"BCX24","BEND:BC2B:900"
"BZ21B","BLEN:BC2B:950"
"BPME201","BPMS:EMIT2:150"
"QE201","QUAD:EMIT2:150"
"YCE201","YCOR:EMIT2:161"
"IM21B","TORO:EMIT2:170"
"BPME202","BPMS:EMIT2:300"
"QE202","QUAD:EMIT2:300"
"XCE202","XCOR:EMIT2:310"
"WSEMIT2","WIRE:EMIT2:600"
"BPME203","BPMS:EMIT2:800"
"QE203","QUAD:EMIT2:800"
"YCE203","YCOR:EMIT2:811"
"BPME204","BPMS:EMIT2:900"
"QE204","QUAD:EMIT2:900"
"XCE204","XCOR:EMIT2:912"
"CAVL161","ACCL:L3B:1610"
"CAVL162","ACCL:L3B:1620"
"CAVL163","ACCL:L3B:1630"
"CAVL164","ACCL:L3B:1640"
"CAVL165","ACCL:L3B:1650"
"CSP16",""
"CAVL166","ACCL:L3B:1660"
"CAVL167","ACCL:L3B:1670"
"CAVL168","ACCL:L3B:1680"
"CMB16","BPMS:L3B:1683"
"QCM16","QUAD:L3B:1685"
"XCM16","XCOR:L3B:1685"
"YCM16","YCOR:L3B:1685"
"CAVL171","ACCL:L3B:1710"
"CAVL172","ACCL:L3B:1720"
"CAVL173","ACCL:L3B:1730"
"CAVL174","ACCL:L3B:1740"
"CAVL175","ACCL:L3B:1750"
"CSP17",""
"CAVL176","ACCL:L3B:1760"
"CAVL177","ACCL:L3B:1770"
"CAVL178","ACCL:L3B:1780"
"CMB17","BPMS:L3B:1783"
"QCM17","QUAD:L3B:1785"
"XCM17","XCOR:L3B:1785"
"YCM17","YCOR:L3B:1785"
"CAVL181","ACCL:L3B:1810"
"CAVL182","ACCL:L3B:1820"
"CAVL183","ACCL:L3B:1830"
"CAVL184","ACCL:L3B:1840"
"CAVL185","ACCL:L3B:1850"
"CSP18",""
"CAVL186","ACCL:L3B:1860"
"CAVL187","ACCL:L3B:1870"
"CAVL188","ACCL:L3B:1880"
"CMB18","BPMS:L3B:1883"
"QCM18","QUAD:L3B:1885"
"XCM18","XCOR:L3B:1885"
"YCM18","YCOR:L3B:1885"
"CAVL191","ACCL:L3B:1910"
"CAVL192","ACCL:L3B:1920"
"CAVL193","ACCL:L3B:1930"
"CAVL194","ACCL:L3B:1940"
"CAVL195","ACCL:L3B:1950"
"CSP19",""
"CAVL196","ACCL:L3B:1960"
"CAVL197","ACCL:L3B:1970"
"CAVL198","ACCL:L3B:1980"
"CMB19","BPMS:L3B:1983"
"QCM19","QUAD:L3B:1985"
"XCM19","XCOR:L3B:1985"
"YCM19","YCOR:L3B:1985"
"CAVL201","ACCL:L3B:2010"
"CAVL202","ACCL:L3B:2020"
"CAVL203","ACCL:L3B:2030"
"CAVL204","ACCL:L3B:2040"
"CAVL205","ACCL:L3B:2050"
"CSP20",""
"CAVL206","ACCL:L3B:2060"
"CAVL207","ACCL:L3B:2070"
"CAVL208","ACCL:L3B:2080"
"CMB20","BPMS:L3B:2083"
"QCM20","QUAD:L3B:2085"
"XCM20","XCOR:L3B:2085"
"YCM20","YCOR:L3B:2085"
"CAVL211","ACCL:L3B:2110"
"CAVL212","ACCL:L3B:2120"
"CAVL213","ACCL:L3B:2130"
"CAVL214","ACCL:L3B:2140"
"CAVL215","ACCL:L3B:2150"
"CSP21",""
"CAVL216","ACCL:L3B:2160"
"CAVL217","ACCL:L3B:2170"
"CAVL218","ACCL:L3B:2180"
"CMB21","BPMS:L3B:2183"
"QCM21","QUAD:L3B:2185"
"XCM21","XCOR:L3B:2185"
"YCM21","YCOR:L3B:2185"
"CAVL221","ACCL:L3B:2210"
"CAVL222","ACCL:L3B:2220"
"CAVL223","ACCL:L3B:2230"
"CAVL224","ACCL:L3B:2240"
"CAVL225","ACCL:L3B:2250"
"CSP22",""
"CAVL226","ACCL:L3B:2260"
"CAVL227","ACCL:L3B:2270"
"CAVL228","ACCL:L3B:2280"
"CMB22","BPMS:L3B:2283"
"QCM22","QUAD:L3B:2285"
"XCM22","XCOR:L3B:2285"
"YCM22","YCOR:L3B:2285"
"CAVL231","ACCL:L3B:2310"
"CAVL232","ACCL:L3B:2320"
"CAVL233","ACCL:L3B:2330"
"CAVL234","ACCL:L3B:2340"
"CAVL235","ACCL:L3B:2350"
"CSP23",""
"CAVL236","ACCL:L3B:2360"
"CAVL237","ACCL:L3B:2370"
"CAVL238","ACCL:L3B:2380"
"CMB23","BPMS:L3B:2383"
"QCM23","QUAD:L3B:2385"
"XCM23","XCOR:L3B:2385"
"YCM23","YCOR:L3B:2385"
"CAVL241","ACCL:L3B:2410"
"CAVL242","ACCL:L3B:2420"
"CAVL243","ACCL:L3B:2430"
"CAVL244","ACCL:L3B:2440"
"CAVL245","ACCL:L3B:2450"
"CSP24",""
"CAVL246","ACCL:L3B:2460"
"CAVL247","ACCL:L3B:2470"
"CAVL248","ACCL:L3B:2480"
"CMB24","BPMS:L3B:2483"
"QCM24","QUAD:L3B:2485"
"XCM24","XCOR:L3B:2485"
"YCM24","YCOR:L3B:2485"
"CAVL251","ACCL:L3B:2510"
"CAVL252","ACCL:L3B:2520"
"CAVL253","ACCL:L3B:2530"
"CAVL254","ACCL:L3B:2540"
"CAVL255","ACCL:L3B:2550"
"CSP25",""
"CAVL256","ACCL:L3B:2560"
"CAVL257","ACCL:L3B:2570"
"CAVL258","ACCL:L3B:2580"
"CMB25","BPMS:L3B:2583"
"QCM25","QUAD:L3B:2585"
"XCM25","XCOR:L3B:2585"
"YCM25","YCOR:L3B:2585"
"CAVL261","ACCL:L3B:2610"
"CAVL262","ACCL:L3B:2620"
"CAVL263","ACCL:L3B:2630"
"CAVL264","ACCL:L3B:2640"
"CAVL265","ACCL:L3B:2650"
"CSP26",""
"CAVL266","ACCL:L3B:2660"
"CAVL267","ACCL:L3B:2670"
"CAVL268","ACCL:L3B:2680"
"CMB26","BPMS:L3B:2683"
"QCM26","QUAD:L3B:2685"
"XCM26","XCOR:L3B:2685"
"YCM26","YCOR:L3B:2685"
"CAVL271","ACCL:L3B:2710"
"CAVL272","ACCL:L3B:2720"
"CAVL273","ACCL:L3B:2730"
"CAVL274","ACCL:L3B:2740"
"CAVL275","ACCL:L3B:2750"
"CSP27",""
"CAVL276","ACCL:L3B:2760"
"CAVL277","ACCL:L3B:2770"
"CAVL278","ACCL:L3B:2780"
"CMB27","BPMS:L3B:2783"
"QCM27","QUAD:L3B:2785"
"XCM27","XCOR:L3B:2785"
"YCM27","YCOR:L3B:2785"
"CAVL281","ACCL:L3B:2810"
"CAVL282","ACCL:L3B:2820"
"CAVL283","ACCL:L3B:2830"
"CAVL284","ACCL:L3B:2840"
"CAVL285","ACCL:L3B:2850"
"CSP28",""
"CAVL286","ACCL:L3B:2860"
"CAVL287","ACCL:L3B:2870"
"CAVL288","ACCL:L3B:2880"
"CMB28","BPMS:L3B:2883"
"QCM28","QUAD:L3B:2885"
"XCM28","XCOR:L3B:2885"
"YCM28","YCOR:L3B:2885"
"CAVL291","ACCL:L3B:2910"
"CAVL292","ACCL:L3B:2920"
"CAVL293","ACCL:L3B:2930"
"CAVL294","ACCL:L3B:2940"
"CAVL295","ACCL:L3B:2950"
"CSP29",""
"CAVL296","ACCL:L3B:2960"
"CAVL297","ACCL:L3B:2970"
"CAVL298","ACCL:L3B:2980"
"CMB29","BPMS:L3B:2983"
"QCM29","QUAD:L3B:2985"
"XCM29","XCOR:L3B:2985"
"YCM29","YCOR:L3B:2985"
"CAVL301","ACCL:L3B:3010"
"CAVL302","ACCL:L3B:3020"
"CAVL303","ACCL:L3B:3030"
"CAVL304","ACCL:L3B:3040"
"CAVL305","ACCL:L3B:3050"
"CSP30",""
"CAVL306","ACCL:L3B:3060"
"CAVL307","ACCL:L3B:3070"
"CAVL308","ACCL:L3B:3080"
"CMB30","BPMS:L3B:3083"
"QCM30","QUAD:L3B:3085"
"XCM30","XCOR:L3B:3085"
"YCM30","YCOR:L3B:3085"
"CAVL311","ACCL:L3B:3110"
"CAVL312","ACCL:L3B:3120"
"CAVL313","ACCL:L3B:3130"
"CAVL314","ACCL:L3B:3140"
"CAVL315","ACCL:L3B:3150"
"CSP31",""
"CAVL316","ACCL:L3B:3160"
"CAVL317","ACCL:L3B:3170"
"CAVL318","ACCL:L3B:3180"
"CMB31","BPMS:L3B:3183"
"QCM31","QUAD:L3B:3185"
"XCM31","XCOR:L3B:3185"
"YCM31","YCOR:L3B:3185"
"CAVL321","ACCL:L3B:3210"
"CAVL322","ACCL:L3B:3220"
"CAVL323","ACCL:L3B:3230"
"CAVL324","ACCL:L3B:3240"
"CAVL325","ACCL:L3B:3250"
"CSP32",""
"CAVL326","ACCL:L3B:3260"
"CAVL327","ACCL:L3B:3270"
"CAVL328","ACCL:L3B:3280"
"CMB32","BPMS:L3B:3283"
"QCM32","QUAD:L3B:3285"
"XCM32","XCOR:L3B:3285"
"YCM32","YCOR:L3B:3285"
"CAVL331","ACCL:L3B:3310"
"CAVL332","ACCL:L3B:3320"
"CAVL333","ACCL:L3B:3330"
"CAVL334","ACCL:L3B:3340"
"CAVL335","ACCL:L3B:3350"
"CSP33",""
"CAVL336","ACCL:L3B:3360"
"CAVL337","ACCL:L3B:3370"
"CAVL338","ACCL:L3B:3380"
"CMB33","BPMS:L3B:3383"
"QCM33","QUAD:L3B:3385"
"XCM33","XCOR:L3B:3385"
"YCM33","YCOR:L3B:3385"
"CAVL341","ACCL:L3B:3410"
"CAVL342","ACCL:L3B:3420"
"CAVL343","ACCL:L3B:3430"
"CAVL344","ACCL:L3B:3440"
"CAVL345","ACCL:L3B:3450"
"CSP34",""
"CAVL346","ACCL:L3B:3460"
"CAVL347","ACCL:L3B:3470"
"CAVL348","ACCL:L3B:3480"
"CMB34","BPMS:L3B:3483"
"QCM34","QUAD:L3B:3485"
"XCM34","XCOR:L3B:3485"
"YCM34","YCOR:L3B:3485"
"CAVL351","ACCL:L3B:3510"
"CAVL352","ACCL:L3B:3520"
"CAVL353","ACCL:L3B:3530"
"CAVL354","ACCL:L3B:3540"
"CAVL355","ACCL:L3B:3550"
"CSP35",""
"CAVL356","ACCL:L3B:3560"
"CAVL357","ACCL:L3B:3570"
"CAVL358","ACCL:L3B:3580"
"CMB35","BPMS:L3B:3583"
"QCM35","QUAD:L3B:3585"
"XCM35","XCOR:L3B:3585"
"YCM35","YCOR:L3B:3585"
"BPMX01","BPMS:EXT:351"
"QX01","QUAD:EXT:351"
"XCX01","XCOR:EXT:368"
"RFBX02","BPMS:EXT:738"
"BPMX02","BPMS:EXT:748"
"QX02","QUAD:EXT:748"
"YCX02","YCOR:EXT:762"
"BCXDLU1","BEND:DOG:105"
"BCXDLU2","BEND:DOG:106"
"BCXDLU3","BEND:DOG:107"
"BCXDLU4","BEND:DOG:108"
"BRB1","BEND:DOG:110"
"YCDOG0","YCOR:DOG:113"
"XCDOG1","XCOR:DOG:116"
"QDOG1","QUAD:DOG:120"
"BPMDOG1","BPMS:DOG:120"
"CEDOG","COLL:DOG:131"
"SDOG1","SEXT:DOG:132"
"QDOG2","QUAD:DOG:135"
"BPMDOG2","BPMS:DOG:135"
"YCDOG2","YCOR:DOG:137"
"XCDOG3","XCOR:DOG:148"
"QDOG3","QUAD:DOG:150"
"BPMDOG3","BPMS:DOG:150"
"YCDOG4","YCOR:DOG:163"
"QDOG4","QUAD:DOG:165"
"BPMDOG4","BPMS:DOG:165"
"XCDOG5","XCOR:DOG:178"
"QDOG5","QUAD:DOG:180"
"BPMDOG5","BPMS:DOG:180"
"YCDOG6","YCOR:DOG:193"
"OTRDOG","PROF:DOG:195"
"QDOG6","QUAD:DOG:200"
"BPMDOG6","BPMS:DOG:200"
"WSDOG","WIRE:DOG:202"
"XCDOG7","XCOR:DOG:212"
"SDOG2","SEXT:DOG:213"
"QDOG7","QUAD:DOG:215"
"BPMDOG7","BPMS:DOG:215"
"YCDOG8","YCOR:DOG:227"
"QDOG8","QUAD:DOG:230"
"BPMDOG8","BPMS:DOG:230"
"BRB2","BEND:DOG:240"
"BCXDLD1","BEND:DOG:241"
"BCXDLD2","BEND:DOG:242"
"BCXDLD3","BEND:DOG:243"
"BCXDLD4","BEND:DOG:244"
"OTR31","PROF:DOG:245"
"QL1P","QUAD:DOG:250"
"BPML1P","BPMS:DOG:250"
"XCL1P","XCOR:DOG:252"
"QL2P","QUAD:DOG:280"
"BPML2P","BPMS:DOG:280"
"YCL2P","YCOR:DOG:281"
"QL3P","QUAD:DOG:335"
"BPML3P","BPMS:DOG:335"
"XCL3P","XCOR:DOG:338"
"QL4P","QUAD:DOG:355"
"BPML4P","BPMS:DOG:355"
"YCL4P","YCOR:DOG:357"
"QL5P","QUAD:DOG:405"
"BPML5P","BPMS:DOG:405"
"XCL5P","XCOR:DOG:408"
"QBP10","QUAD:DOG:575"
"BPMBP10","BPMS:DOG:575"
"YCBP10","YCOR:DOG:577"
"RFBWSBP1","BPMS:DOG:654"
"WSBP1","WIRE:DOG:655"
"CATHODEF","CATH:IN10:111"
"SOL10111","SOLN:IN10:111"
"CQ10121","QUAD:IN10:121"
"SOL10121","SOLN:IN10:121"
"SQ10122","QUAD:IN10:122"
"XC10121","XCOR:IN10:121"
"YC10122","YCOR:IN10:122"
"VV10155","VVPG:IN10:155"
"MIR10181","MIRR:IN10:181"
"VV10215","VVPG:IN10:215"
"BPM10221","BPMS:IN10:221"
"XC10221","XCOR:IN10:221"
"YC10222","YCOR:IN10:222"
"PR10241","YAGS:IN10:241"
"XC10311","XCOR:IN10:3311"
"YC10312","YCOR:IN10:312"
"L0AF","ACCL:IN10:300"
"QA10361","QUAD:IN10:361"
"PH10365","PCAV:IN10:365"
"BPM10371","BPMS:IN10:371"
"QA10371","QUAD:IN10:371"
"XC10381","XCOR:IN10:381"
"YC10382","YCOR:IN10:382"
"L0BF","ACCL:IN10:400"
"XC10411","XCOR:IN10:411"
"YC10412","YCOR:IN10:412"
"BPM10425","BPMS:IN10:425"
"QE10425","QUAD:IN10:425"
"IM10431","TORO:IN10:362"
"VV10435","VVPG:IN10:435"
"QE10441","QUAD:IN10:441"
"BCX10451","BEND:IN10:451"
"BCX10461","BEND:IN10:461"
"PR10465","OTRS:IN10:465"
"UM10466","USEG:IN10:466"
"PR10471","OTRS:IN10:471"
"BCX10475","BEND:IN10:475"
"BCX10481","BEND:IN10:481"
"TCY10490","TCAV:IN10:490"
"XC10491","XCOR:IN10:491"
"YC10492","YCOR:IN10:492"
"BPM10511","BPMS:IN10:511"
"QE10511","QUAD:IN10:511"
"XC10521","XCOR:IN10:521"
"YC10522","YCOR:IN10:522"
"BPM10525","BPMS:IN10:525"
"QE10525","QUAD:IN10:525"
"VV10545","VVPG:IN10:545"
"WALLBEG",""
"WALLEND",""
"RST10551","STPR:IN10:551"
"WS10561","WIRE:IN10:561"
"PR10571","OTRS:IN10:571"
"BPM10581","BPMS:IN10:581"
"IM10591","TORO:IN10:591"
"BZ10596","BLEN:IN10:596"
"IM10607","TORO:IN10:607"
"IM10618","TORO:IN10:618"
"BPM10631","BPMS:IN10:631"
"QM10631","QUAD:IN10:631"
"XC10641","XCOR:IN10:641"
"YC10642","YCOR:IN10:642"
"BPM10651","BPMS:IN10:651"
"QM10651","QUAD:IN10:651"
"BX10661","BEND:IN10:661"
"PR10711","OTRS:IN10:711"
"XC10721","XCOR:IN10:721"
"YC10722","YCOR:IN10:722"
"BPM10731","BPMS:IN10:731"
"QB10731","QUAD:IN10:731"
"BX10751","BEND:IN10:751"
"XC10761","XCOR:IN10:761"
"YC10762","YCOR:IN10:762"
"BPM10771","BPMS:IN10:771"
"QM10771","QUAD:IN10:771"
"BPM10781","BPMS:IN10:781"
"QM10781","QUAD:IN10:781"
"IM10791","TORO:IN10:791"
"VV10795","VVPG:IN10:795"
"XC11104","XCOR:LI11:104"
"YC11105","YCOR:LI11:105"
"K11_1B","KLYS:LI11:11"
"BPM11132","BPMS:LI11:132"
"QA11132","QUAD:LI11:132"
"XC11140","XCOR:LI11:140"
"YC11141","YCOR:LI11:141"
"K11_1C","KLYS:LI11:11"
"K11_1D","KLYS:LI11:11"
"BPM11201","BPMS:LI11:201"
"Q11201","QUAD:LI11:201"
"XC11202","XCOR:LI11:202"
"YC11203","YCOR:LI11:203"
"K11_2A","KLYS:LI11:21"
"K11_2B","KLYS:LI11:21"
"BPM11265","BPMS:LI11:265"
"QA11265","QUAD:LI11:265"
"XC11272","XCOR:LI11:272"
"YC11273","YCOR:LI11:273"
"K11_2C","KLYS:LI11:21"
"BPM11301","BPMS:LI11:301"
"Q11301","QUAD:LI11:301"
"VV11302","VVPG:LI11:302"
"L1XF","ACCL:LI11:180"
"XC11304","XCOR:LI11:304"
"YC11305","YCOR:LI11:305"
"VV11308","VVPG:LI11:398"
"BPM11312","BPMS:LI11:312"
"QM11312","QUAD:LI11:312"
"BCX11314","BEND:LI11:314"
"CQ11317","QUAD:LI11:317"
"YC11321","YCOR:LI11:321"
"BCX11331","BEND:LI11:331"
"BPM11333","BPMS:LI11:333"
"PR11335","OTRS:LI11:335"
"BCX11338","BEND:LI11:338"
"CE11334","COLL:LI11:334"
"SQ11340","QUAD:LI11:340"
"CQ11352","QUAD:LI11:352"
"BCX11355","BEND:LI11:355"
"BL11356","BLEN:LI11:356"
"BPM11358","BPMS:LI11:358"
"QM11358","QUAD:LI11:358"
"IM11360","TORO:LI11:360"
"BPM11362","BPMS:LI12:362"
"QM11362","QUAD:LI11:362"
"YC11365","YCOR:LI11:365"
"PR11375","OTRS:LI12:375"
"QBP11","QUAD:DOG:740"
"TD11390","PROF:LI12:390"
"BPMBP11","BPMS:DOG:740"
"BPM11393","BPMS:LI12:393"
"QM11393","QUAD:LI11:393"
"XCBP11","XCOR:DOG:744"
"XC11398","XCOR:LI11:398"
"YC11399","YCOR:LI11:399"
"BPM11401","BPMS:LI12:401"
"Q11401","QUAD:LI11:401"
"XC11402","XCOR:LI11:402"
"YC11403","YCOR:LI11:403"
"K11_4A","KLYS:LI11:41"
"K11_4B","KLYS:LI11:41"
"K11_4C","KLYS:LI11:41"
"K11_4D","KLYS:LI11:41"
"XC11502","XCOR:LI11:502"
"WS11444","WIRE:LI11:444"
"BPM11501","BPMS:LI11:51"
"Q11501","QUAD:LI11:501"
"YC11503","YCOR:LI11:503"
"K11_5A","KLYS:LI11:51"
"K11_5B","KLYS:LI11:51"
"K11_5C","KLYS:LI11:51"
"K11_5D","KLYS:LI11:51"
"BPM11601","BPMS:LI11:71"
"Q11601","QUAD:LI11:601"
"XC11602","XCOR:LI11:602"
"YC11603","YCOR:LI11:603"
"K11_6A","KLYS:LI11:61"
"WS11614","WIRE:LI11:614"
"K11_6B","KLYS:LI11:61"
"K11_6C","KLYS:LI11:61"
"K11_6D","KLYS:LI11:61"
"XC11702","XCOR:LI11:802"
"YC11703","YCOR:LI11:703"
"BPM11701","BPMS:LI11:701"
"Q11701","QUAD:LI11:701"
"K11_7A","KLYS:LI11:71"
"K11_7B","KLYS:LI11:71"
"K11_7C","KLYS:LI11:71"
"K11_7D","KLYS:LI11:71"
"XC11802","XCOR:LI11:802"
"WS11744","WIRE:LI11:744"
"BPM11801","BPMS:LI11:801"
"Q11801","QUAD:LI11:801"
"YC11803","YCOR:LI11:803"
"K11_8A","KLYS:LI11:81"
"K11_8B","KLYS:LI11:81"
"K11_8C","KLYS:LI11:81"
"K11_8D","KLYS:LI11:81"
"BPM11901","BPMS:LI11:901"
"Q11901","QUAD:LI11:801"
"XC11900","XCOR:LI11:900"
"YC11900","YCOR:LI11:900"
"K12_1A","LI12:KLYS:11"
"K12_1B","LI12:KLYS:11"
"K12_1C","LI12:KLYS:11"
"K12_1D","LI12:KLYS:11"
"BPM12201","LI12:BPMS:201"
"Q12201","LI12:BPMS:201"
"XC12202","LI12:XCOR:202"
"YC12203","LI12:YCOR:203"
"K12_2A","LI12:KLYS:21"
"WS12214","LI12:WIRE:214"
"K12_2B","LI12:KLYS:21"
"K12_2C","LI12:KLYS:21"
"K12_2D","LI12:KLYS:21"
"BPM12301","LI12:BPMS:301"
"Q12301","LI12:BPMS:301"
"XC12302","LI12:XCOR:302"
"YC12303","LI12:YCOR:303"
"K12_3A","LI12:KLYS:3"
"K12_3B","LI12:KLYS:31"
"K12_3C","LI12:KLYS:31"
"QBP12","QUAD:DOG:910"
"K12_3D","LI12:KLYS:31"
"BPMBP12","BPMS:DOG:910"
"YCBP12","YCOR:DOG:911"
"BPM12401","LI12:BPMS:401"
"Q12401","LI12:BPMS:401"
"XC12402","LI12:XCOR:402"
"YC12403","LI12:YCOR:303"
"K12_4A","LI12:KLYS:41"
"K12_4B","LI12:KLYS:41"
"K12_4C","LI12:KLYS:41"
"K12_4D","LI12:KLYS:41"
"BPM12501","LI12:BPMS:501"
"Q12501","LI12:QUAD:501"
"XC12502","LI12:XCOR:502"
"YC12503","LI12:YCOR:303"
"K12_5A","LI12:KLYS:51"
"K12_5B","LI12:KLYS:51"
"K12_5C","LI12:KLYS:51"
"K12_5D","LI12:KLYS:51"
"BPM12601","LI12:BPMS:601"
"Q12601","LI12:QUAD:601"
"XC12602","LI12:XCOR:602"
"YC12603","LI12:YCOR:303"
"K12_6A","LI12:KLYS:61"
"K12_6B","LI12:KLYS:61"
"K12_6C","LI12:KLYS:61"
"K12_6D","LI12:KLYS:61"
"BPM12701","LI12:BPMS:701"
"Q12701","LI12:QUAD:701"
"XC12702","LI12:XCOR:702"
"YC12703","LI12:YCOR:303"
"K12_7A","LI12:KLYS:71"
"K12_7B","LI12:KLYS:71"
"K12_7C","LI12:KLYS:71"
"K12_7D","LI12:KLYS:71"
"RFBWSBP2","BPMS:BPN12:848"
"WSBP2","WIRE:BPN12:850"
"BPM12801","LI12:BPMS:801"
"Q12801","LI12:QUAD:801"
"XC12802","LI12:XCOR:902"
"YC12803","LI12:YCOR:303"
"K12_8A","LI12:KLYS:81"
"K12_8B","LI12:KLYS:81"
"K12_8C","LI12:KLYS:81"
"K12_8D","LI12:KLYS:81"
"XC12900","LI12:XCOR:900"
"YC12900","LI12:YCOR:303"
"BPM12901","LI12:BPMS:901"
"Q12901","LI12:QUAD:901"
"K13_1A","LI13:KLYS:11"
"K13_1B","LI13:KLYS:11"
"K13_1C","LI13:KLYS:11"
"K13_1D","LI13:KLYS:11"
"BPM13201","LI13:BPMS:201"
"Q13201","LI13:QUAD:201"
"XC13202","LI13:XCOR:202"
"YC13203","LI13:YCOR:203"
"K13_2A","LI13:KLYS:303"
"K13_2B","LI13:KLYS:303"
"K13_2C","LI13:KLYS:303"
"K13_2D","LI13:KLYS:303"
"BPM13301","LI13:BPMS:303"
"Q13301","LI13:QUAD:301"
"XC13302","LI13:XCOR:302"
"YC13303","LI13:YCOR:303"
"K13_3A","LI13:KLYS:31"
"K13_3B","LI13:KLYS:31"
"K13_3C","LI13:KLYS:31"
"QBP13","QUAD:BPN13:400"
"K13_3D","LI13:KLYS:31"
"BPMBP13","BPMS:BPN13:400"
"XCBP13","XCOR:BPN13:406"
"YCBP13","YCOR:BPN13:409"
"BPM13401","LI13:BPMS:401"
"Q13401","LI13:QUAD:401"
"XC13402","LI13:XCOR:402"
"YC13403","LI13:YCOR:403"
"K13_4A","LI13:KLYS:41"
"K13_4B","LI13:KLYS:41"
"K13_4C","LI13:KLYS:41"
"K13_4D","LI13:KLYS:41"
"BPM13501","LI13:BPMS:501"
"Q13501","LI13:QUAD:501"
"XC13502","LI13:XCOR:502"
"YC13503","LI13:YCOR:503"
"K13_5A","LI13:KLYS:51"
"K13_5B","LI13:KLYS:51"
"K13_5C","LI13:KLYS:51"
"K13_5D","LI13:KLYS:51"
"BPM13601","LI13:BPMS:601"
"Q13601","LI13:QUAD:601"
"XC13602","LI13:XCOR:602"
"YC13603","LI13:YCOR:603"
"K13_6A","LI13:KLYS:61"
"K13_6B","LI13:KLYS:61"
"K13_6C","LI13:KLYS:61"
"K13_6D","LI13:KLYS:61"
"BPM13701","LI13:BPMS:701"
"Q13701","LI13:QUAD:701"
"XC13702","LI13:XCOR:702"
"YC13703","LI13:YCOR:703"
"K13_7A","LI13:KLYS:71"
"K13_7B","LI13:KLYS:71"
"K13_7C","LI13:KLYS:71"
"K13_7D","LI13:KLYS:71"
"BPM13801","LI13:BPMS:801"
"Q13801","LI13:QUAD:801"
"XC13802","LI13:XCOR:802"
"YC13803","LI13:YCOR:803"
"K13_8A","LI13:KLYS:81"
"K13_8B","LI13:KLYS:81"
"K13_8C","LI13:KLYS:81"
"K13_8D","LI13:KLYS:81"
"XC13900","LI13:XCOR:900"
"YC13900","LI13:YCOR:900"
"BPM13901","LI13:BPMS:901"
"Q13901","LI13:QUAD:901"
"K14_1A","LI14:KLYS:11"
"K14_1B","LI14:KLYS:11"
"K14_1C","LI14:KLYS:11"
"K14_1D","LI14:KLYS:11"
"BPM14201","LI14:BPMS:201"
"Q14201","QUAD:LI14:201"
"XC14202","XCOR:LI14:202"
"YC14203","YCOR:LI14:203"
"K14_2A","LI14:KLYS:21"
"K14_2B","LI14:KLYS:21"
"K14_2C","LI14:KLYS:21"
"K14_2D","LI14:KLYS:21"
"BPM14301","LI14:BPMS:301"
"Q14301","QUAD:LI14:301"
"XC14302","XCOR:LI14:302"
"YC14303","YCOR:LI14:303"
"K14_3A","LI14:KLYS:31"
"K14_3B","LI14:KLYS:31"
"K14_3C","LI14:KLYS:31"
"QBP14","QUAD:BPN14:400"
"K14_3D","LI14:KLYS:31"
"BPMBP14","BPMS:BPN14:400"
"XCBP14","XCOR:BPN14:406"
"YCBP14","YCOR:BPN14:409"
"BPM14401","LI14:BPMS:401"
"Q14401","QUAD:LI14:401"
"XC14402","XCOR:LI14:402"
"YC14403","YCOR:LI14:403"
"K14_4A","LI14:KLYS:41"
"K14_4B","LI14:KLYS:41"
"K14_4C","LI14:KLYS:41"
"K14_4D","LI14:KLYS:41"
"BPM14501","LI14:BPMS:501"
"Q14501","QUAD:LI14:501"
"XC14502","XCOR:LI14:502"
"YC14503","YCOR:LI14:503"
"K14_5A","LI14:KLYS:51"
"K14_5B","LI14:KLYS:51"
"K14_5C","LI14:KLYS:51"
"K14_5D","LI14:KLYS:51"
"BPM14601","LI14:BPMS:601"
"Q14601","QUAD:LI14:601"
"XC14602","XCOR:LI14:602"
"YC14603","YCOR:LI14:603"
"K14_6A","LI14:KLYS:61"
"K14_6B","LI14:KLYS:61"
"K14_6C","LI14:KLYS:61"
"K14_6D","LI14:KLYS:61"
"XC14702","XCOR:LI14:702"
"YC14703","YCOR:LI14:703"
"BPM14701","LI14:BPMS:701"
"Q14701","QUAD:LI14:701"
"VV14711","LI14:VVPG:711"
"BPM14715","BPMS:LI14:715"
"QM14715","QUAD:LI14:715"
"BCX14720","BEND:LI14:720"
"CQ141738","QUAD:LI14:1738"
"CQ14738","QUAD:LI14:738"
"RFBWSBP3","BPMS:BPN14:848"
"WSBP3","WIRE:BPN14:850"
"BCX141796","BEND:LI14:1796"
"BCX14796","BEND:LI14:796"
"BPM141801","BPMS:LI14:1801"
"BPM14801","BPMS:LI14:801"
"PR141803","OTRS:LI14:1803"
"PR14803","OTRS:LI14:803"
"BCX141808","BEND:LI14:1808"
"BCX14808","BEND:LI14:808"
"CE141802","COLL:LI14:1802"
"CE14802","COLL:LI14:802"
"YC141820","YCOR:LI14:1820"
"YC14820","YCOR:LI14:820"
"CQ141866","QUAD:LI14:1866"
"CQ14866","QUAD:LI14:866"
"BCX14883","BEND:LI14:883"
"BL14888","BLEN:LI14:888"
"IM14890","TORO:LI14:890"
"BPM14891","BPMS:LI14:891"
"QM14891","QUAD:LI14:891"
"VV14894","VVPG:LI14:894"
"BPM14901","LI14:BPMS:901"
"Q14901","BPMS:LI14:901"
"XC14900","XCOR:LI14:900"
"YC14900","YCOR:LI14:900"
"K15_1A","LI15:KLYS:11"
"K15_1B","LI15:KLYS:11"
"K15_1C","LI15:KLYS:11"
"K15_1D","LI15:KLYS:11"
"BPM15201","LI15:BPMS:201"
"Q15201","LI15:BPMS:201"
"XC15202","LI15:XCOR:202"
"YC15203","LI15:YCOR:203"
"K15_2A","LI15:KLYS:21"
"K15_2B","LI15:KLYS:21"
"K15_2C","LI15:KLYS:21"
"TCY15280","LI15:ACCL:280"
"BPM15301","LI15:BPMS:301"
"Q15301","LI15:BPMS:301"
"XC15302","LI15:XCOR:302"
"YC15303","LI15:YCOR:303"
"K15_3A","LI15:KLYS:31"
"K15_3B","LI15:KLYS:31"
"K15_3C","LI15:KLYS:31"
"QBP15","QUAD:BPN15:400"
"K15_3D","LI15:KLYS:31"
"BPMBP15","BPMS:BPN15:400"
"XCBP15","XCOR:BPN15:406"
"YCBP15","YCOR:BPN15:409"
"BPM15401","LI15:BPMS:401"
"Q15401","LI15:BPMS:401"
"XC15402","LI15:XCOR:402"
"YC15403","LI15:YCOR:403"
"K15_4A","LI15:KLYS:41"
"K15_4B","LI15:KLYS:41"
"K15_4C","LI15:KLYS:41"
"K15_4D","LI15:KLYS:41"
"BPM15501","LI15:BPMS:501"
"Q15501","LI15:BPMS:501"
"XC15502","LI15:XCOR:502"
"YC15503","LI15:YCOR:503"
"K15_5A","LI15:KLYS:51"
"K15_5B","LI15:KLYS:51"
"K15_5C","LI15:KLYS:51"
"K15_5D","LI15:KLYS:51"
"BPM15601","LI15:BPMS:601"
"Q15601","LI15:BPMS:601"
"XC15602","LI15:XCOR:602"
"YC15603","LI15:YCOR:603"
"K15_6A","LI15:KLYS:61"
"K15_6B","LI15:KLYS:61"
"K15_6C","LI15:KLYS:61"
"K15_6D","LI15:KLYS:61"
"BPM15701","LI15:BPMS:701"
"Q15701","LI15:BPMS:701"
"XC15702","LI15:XCOR:702"
"YC15703","LI15:YCOR:703"
"K15_7A","LI15:KLYS:71"
"K15_7B","LI15:KLYS:71"
"K15_7C","LI15:KLYS:71"
"K15_7D","LI15:KLYS:71"
"BPM15801","LI15:BPMS:801"
"Q15801","LI15:BPMS:801"
"XC15802","LI15:XCOR:802"
"YC15803","LI15:YCOR:803"
"K15_8A","LI15:KLYS:81"
"K15_8B","LI15:KLYS:81"
"K15_8C","LI15:KLYS:81"
"K15_8D","LI15:KLYS:81"
"XC15900","LI15:XCOR:900"
"YC15900","LI15:YCOR:900"
"BPM15901","LI15:BPMS:901"
"Q15901","LI15:BPMS:901"
"PR15944","BPMS:LI15:944"
"K16_1A","LI16:KLYS:11"
"K16_1B","LI16:KLYS:11"
"K16_1C","LI16:KLYS:11"
"K16_1D","LI16:KLYS:11"
"BPM16201","LI16:BPMS:201"
"Q16201","LI16:BPMS:201"
"XC16202","LI16:XCOR:202"
"YC16203","LI16:YCOR:203"
"K16_2A","LI16:KLYS:21"
"K16_2B","LI16:KLYS:21"
"K16_2C","LI16:KLYS:21"
"K16_2D","LI16:KLYS:21"
"BPM16301","LI16:BPMS:301"
"Q16301","LI16:QUAD:301"
"XC16302","LI16:XCOR:302"
"YC16303","LI16:YCOR:303"
"K16_3A","LI16:KLYS:31"
"K16_3B","LI16:KLYS:31"
"K16_3C","LI16:KLYS:31"
"QBP16","QUAD:BPN16:400"
"K16_3D","LI16:KLYS:31"
"BPMBP16","BPMS:BPN16:400"
"XCBP16","XCOR:BPN16:406"
"YCBP16","YCOR:BPN16:409"
"BPM16401","LI16:BPMS:401"
"Q16401","LI16:QUAD:401"
"XC16402","LI16:XCOR:402"
"YC16403","LI16:YCOR:403"
"K16_4A","LI16:KLYS:41"
"K16_4B","LI16:KLYS:41"
"K16_4C","LI16:KLYS:41"
"K16_4D","LI16:KLYS:41"
"BPM16501","LI16:BPMS:501"
"Q16501","LI16:QUAD:501"
"XC16502","LI16:XCOR:502"
"YC16503","LI16:YCOR:503"
"K16_5A","LI16:KLYS:51"
"K16_5B","LI16:KLYS:51"
"K16_5C","LI16:KLYS:51"
"K16_5D","LI16:KLYS:51"
"BPM16601","LI16:BPMS:601"
"Q16601","LI16:QUAD:601"
"XC16602","LI16:XCOR:602"
"YC16603","LI16:YCOR:603"
"K16_6A","LI16:KLYS:61"
"K16_6B","LI16:KLYS:61"
"K16_6C","LI16:KLYS:61"
"K16_6D","LI16:KLYS:61"
"BPM16701","LI16:BPMS:701"
"Q16701","LI16:QUAD:701"
"XC16702","LI16:XCOR:702"
"YC16703","LI16:YCOR:703"
"K16_7A","LI16:KLYS:71"
"K16_7B","LI16:KLYS:71"
"K16_7C","LI16:KLYS:71"
"K16_7D","LI16:KLYS:71"
"RFBWSBP4","BPMS:BPN16:848"
"WSBP4","WIRE:BPN16:850"
"BPM16801","LI16:BPMS:801"
"Q16801","LI16:QUAD:801"
"XC16802","LI16:XCOR:802"
"YC16803","LI16:YCOR:803"
"K16_8A","LI16:KLYS:81"
"K16_8B","LI16:KLYS:81"
"K16_8C","LI16:KLYS:81"
"K16_8D","LI16:KLYS:81"
"XC16900","LI16:XCOR:900"
"YC16900","LI16:YCOR:900"
"BPM16901","LI16:BPMS:901"
"Q16901","LI16:QUAD:901"
"K17_1A","LI17:KLYS:11"
"K17_1B","LI17:KLYS:11"
"K17_1C","LI17:KLYS:11"
"K17_1D","LI17:KLYS:11"
"BPM17201","LI17:BPMS:201"
"Q17201","LI17:QUAD:201"
"XC17202","LI17:XCOR:202"
"YC17203","LI17:YCOR:203"
"K17_2A","LI17:KLYS:21"
"K17_2B","LI17:KLYS:21"
"K17_2C","LI17:KLYS:21"
"K17_2D","LI17:KLYS:21"
"BPM17301","LI17:BPMS:301"
"Q17301","LI17:QUAD:301"
"XC17302","LI17:XCOR:302"
"YC17303","LI17:YCOR:303"
"K17_3A","LI17:KLYS:31"
"K17_3B","LI17:KLYS:31"
"K17_3C","LI17:KLYS:31"
"QBP17","QUAD:BPN17:400"
"K17_3D","LI17:KLYS:31"
"BPMBP17","BPMS:BPN17:400"
"XCBP17","XCOR:BPN17:406"
"YCBP17","YCOR:BPN17:409"
"BPM17401","LI17:BPMS:401"
"Q17401","LI17:QUAD:401"
"XC17402","LI17:XCOR:402"
"YC17403","LI17:YCOR:403"
"K17_4A","LI17:KLYS:41"
"K17_4B","LI17:KLYS:41"
"K17_4C","LI17:KLYS:41"
"K17_4D","LI17:KLYS:41"
"BPM17501","LI17:BPMS:501"
"Q17501","LI17:QUAD:501"
"XC17502","LI17:XCOR:502"
"YC17503","LI17:YCOR:503"
"K17_5A","LI17:KLYS:51"
"K17_5B","LI17:KLYS:51"
"K17_5C","LI17:KLYS:51"
"K17_5D","LI17:KLYS:51"
"BPM17601","LI17:BPMS:601"
"Q17601","LI17:QUAD:601"
"XC17602","LI17:XCOR:602"
"YC17603","LI17:YCOR:603"
"K17_6A","LI17:KLYS:61"
"K17_6B","LI17:KLYS:61"
"K17_6C","LI17:KLYS:61"
"K17_6D","LI17:KLYS:61"
"BPM17701","LI17:BPMS:701"
"Q17701","LI17:QUAD:701"
"XC17702","LI17:XCOR:702"
"YC17703","LI17:YCOR:703"
"K17_7A","LI17:KLYS:71"
"K17_7B","LI17:KLYS:71"
"K17_7C","LI17:KLYS:71"
"K17_7D","LI17:KLYS:71"
"BPM17801","LI17:BPMS:801"
"Q17801","LI17:QUAD:801"
"XC17802","LI17:XCOR:802"
"YC17803","LI17:YCOR:803"
"K17_8A","LI17:KLYS:81"
"K17_8B","LI17:KLYS:81"
"K17_8C","LI17:KLYS:18"
"K17_8D","LI17:KLYS:81"
"XC17900","LI17:XCOR:900"
"YC17900","LI17:YCOR:900"
"BPM17901","LI17:BPMS:901"
"Q17901","LI17:QUAD:901"
"K18_1A","LI18:KLYS:11"
"K18_1B","LI18:KLYS:11"
"K18_1C","LI18:KLYS:11"
"K18_1D","LI18:KLYS:11"
"BPM18201","LI18:BPMS:201"
"Q18201","LI18:QUAD:201"
"XC18202","LI18:XCOR:202"
"YC18203","LI18:YCOR:203"
"K18_2A","LI18:KLYS:21"
"K18_2B","LI18:KLYS:21"
"K18_2C","LI18:KLYS:21"
"K18_2D","LI18:KLYS:21"
"BPM18301","LI18:BPMS:301"
"Q18301","LI18:QUAD:301"
"XC18302","LI18:XCOR:302"
"YC18303","LI18:YCOR:303"
"K18_3A","LI18:KLYS:31"
"K18_3B","LI18:KLYS:31"
"K18_3C","LI18:KLYS:31"
"QBP18","QUAD:BPN18:400"
"K18_3D","LI18:KLYS:31"
"BPMBP18","BPMS:BPN18:400"
"XCBP18","XCOR:BPN18:406"
"YCBP18","YCOR:BPN18:409"
"BPM18401","LI18:BPMS:401"
"Q18401","LI18:QUAD:401"
"XC18402","LI18:XCOR:402"
"YC18403","LI18:YCOR:403"
"K18_4A","LI18:KLYS:41"
"K18_4B","LI18:KLYS:41"
"K18_4C","LI18:KLYS:41"
"K18_4D","LI18:KLYS:41"
"BPM18501","LI18:BPMS:501"
"Q18501","LI18:QUAD:501"
"XC18502","LI18:XCOR:502"
"YC18503","LI18:YCOR:503"
"K18_5A","LI18:KLYS:51"
"K18_5B","LI18:KLYS:51"
"K18_5C","LI18:KLYS:51"
"K18_5D","LI18:KLYS:51"
"BPM18601","LI18:BPMS:601"
"Q18601","LI18:QUAD:601"
"XC18602","LI18:XCOR:602"
"YC18603","LI18:YCOR:603"
"K18_6A","LI18:KLYS:61"
"K18_6B","LI18:KLYS:61"
"K18_6C","LI18:KLYS:61"
"K18_6D","LI18:KLYS:61"
"BPM18701","LI18:BPMS:701"
"Q18701","LI18:QUAD:701"
"XC18702","LI18:XCOR:702"
"YC18703","LI18:YCOR:703"
"K18_7A","LI18:KLYS:71"
"K18_7B","LI18:KLYS:71"
"K18_7C","LI18:KLYS:71"
"K18_7D","LI18:KLYS:71"
"BPM18801","LI18:BPMS:801"
"Q18801","LI18:QUAD:801"
"XC18802","LI18:XCOR:802"
"YC18803","LI18:YCOR:803"
"K18_8A","LI18:KLYS:81"
"K18_8B","LI18:KLYS:81"
"K18_8C","LI18:KLYS:81"
"K18_8D","LI18:KLYS:81"
"XC18900","LI18:XCOR:900"
"YC18900","LI18:YCOR:900"
"BPM18901","LI18:BPMS:901"
"Q18901","LI18:QUAD:901"
"BL18900","BLEN:LI18:900"
"WS18944","WIRE:LI18:944"
"CX18960","COLL:LI18:960:X"
"CY18960","COLL:LI18:960:Y"
"K19_1A","LI19:KLYS:11"
"K19_1B","LI19:KLYS:11"
"K19_1C","LI19:KLYS:11"
"K19_1D","LI19:KLYS:11"
"WS19144","LI19:WIRE:144"
"BPM19201","LI19:BPMS:201"
"Q19201","LI19:QUAD:201"
"XC19202","LI19:XCOR:202"
"YC19203","LI19:YCOR:203"
"K19_2A","LI19:KLYS:21"
"K19_2B","LI19:KLYS:21"
"K19_2C","LI19:KLYS:21"
"K19_2D","LI19:KLYS:21"
"WS19244","LI19:WIRE:244"
"BPM19301","LI19:BPMS:301"
"Q19301","LI19:QUAD:301"
"XC19302","LI19:XCOR:302"
"YC19303","LI19:YCOR:303"
"K19_3A","LI19:KLYS:31"
"K19_3B","LI19:KLYS:31"
"K19_3C","LI19:KLYS:31"
"K19_3D","LI19:KLYS:31"
"QBP19","QUAD:BPN19:400"
"BPMBP19","BPMS:BPN19:400"
"XCBP19","XCOR:BPN19:406"
"WS19344","LI19:WIRE:344"
"YCBP19","YCOR:BPN19:409"
"BPM19401","LI19:BPMS:401"
"Q19401","LI19:QUAD:401"
"XC19402","LI19:XCOR:402"
"YC19403","LI19:YCOR:403"
"K19_4A","LI19:KLYS:41"
"K19_4B","LI19:KLYS:41"
"K19_4C","LI19:KLYS:41"
"K19_4D","LI19:KLYS:41"
"YC57145","LI19:YCOR:7145"
"YC57146","LI19:YCOR:7146"
"BKY170","LI20:KICK:170"
"BPM19501","LI19:BEND:7172"
"BPM19501?","LI19:BEND:7174"
"Q19501","LI19:BEND:501"
"XC19502","LI19:XCOR:502"
"YC19503","LI19:YCOR:503"
"K19_5A","LI19:KLYS:51"
"K19_5B","LI19:KLYS:51"
"K19_5C","LI19:KLYS:51"
"K19_5D","LI19:KLYS:51"
"BPM19601","LI19:BEND:7245"
"BPM19601?",""
"Q19601","LI19:BEND:601"
"XC19602","LI19:XCOR:602"
"YC19603","LI19:YCOR:603"
"K19_6A","LI19:KLYS:61"
"K19_6B","LI19:KLYS:61"
"K19_6C","LI19:KLYS:61"
"YC19700","LI19:YCOR:900"
"K19_6D","LI19:KLYS:61"
"XC19700","LI19:XCOR:700"
"BPM19701","LI19:BPMS:701"
"BPM19701?","LI19:BPMS:7701"
"Q19701","LI19:QUAD:701"
"BPM57170","LI19:BPMS:7170"
"PR57171",""
"BLX57172","LI20:BEND:7172"
"BLY57174","LI20:BEND:7174"
"XC57175","LI19:XCOR:7175"
"PC57175",""
"BPM57175","LI19:BPMS:7175"
"IM57175","LI19:TORO:7175"
"PC57178",""
"BPM19801","LI18:BPMS:801"
"Q19801","LI19:QUAD:801"
"XC19802","LI19:XCOR:802"
"YC19803","LI19:YCOR:803"
"K19_8A","LI19:KLYS:81"
"YC57183","LI19:YCOR:7183"
"YC57184","LI19:YCOR:7184"
"WS57184","LI19:WIRE:7184"
"XC57185","LI19:XCOR:7185"
"PR57185","PROF:BEND:7185"
"BPM57185","LI19:BPMS:7185"
"BPM57186","LI18:BPMS:7186"
"Q57186","LI19:QUAD:7186"
"PC57186A",""
"PC57186C",""
"BPM19851","LI18:BPMS:851"
"Q19851","LI19:QUAD:851"
"BPM57190","LI18:BPMS:7190"
"Q57190","LI19:QUAD:7190"
"BPM19871","LI18:BPMS:871"
"Q19871","LI19:QUAD:871"
"ST57193",""
"XC19900","LI19:XCOR:900"
"YC19900","LI19:YCOR:900"
"ST57194",""
"IM57199","LI19:TORO:7199"
"IM1988","LI19:TORO:88"
"B1LE",""
"BY57202","LI20:BEND:7202"
"BPM57204","LI19:BPMS:7204"
"Q57204","LI19:QUAD:7204"
"XC1996","LI19:XCOR:96"
"BX57205","LI20:BEND:7205"
"XC57205","LI19:XCOR:7205"
"IM2040",""
"PMON",""
"M1E",""
"BPM57210","LI20:BPMS:7210"
"Q1EL",""
"Q57210","LI20:QUAD:7210"
"YC57210","LI20:YCOR:7210"
"CN2069",""
"CX2085",""
"BX57215","LI20:BEND:7215"
"XC57215","LI19:XCOR:7215"
"SQ1",""
"YC1E",""
"XC1E",""
"BPM57220","LI20:BPMS:7220"
"Q57220","LI20:QUAD:7220"
"YC57220","LI20:YCOR:7220"
"B2LE",""
"XCB2LE",""
"Q2EL",""
"BX57225","LI20:BEND:7225"
"XC57225","LI20:XCOR:7225"
"S1EL",""
"M3E",""
"Q3EL_1",""
"BPM57230","LI20:BPMS:7230"
"Q57230","LI20:QUAD:7230"
"YC57230","LI20:YCOR:7230"
"Q3EL_2",""
"MS2EL",""
"S2EL",""
"XC2E",""
"BX57235","LI20:BEND:7235"
"XC57235","LI20:XCOR:7235"
"YC2181",""
"S3EL_1",""
"BPM57240","LI20:BPMS:7240"
"Q57240",""
"YC57240","LI20:YCOR:7240"
"Q4EL_1",""
"Q4EL_2",""
"Q4EL_3",""
"BX57245","LI20:BEND:7245"
"XC57245","LI20:XCOR:7245"
"M4E",""
"S3EL_2",""
"YC2E",""
"Q5EL",""
"M5E",""
"BPM57250","LI20:BPMS:7250"
"Q57250","LI20:QUAD:7250"
"YC57250","LI20:YCOR:7250"
"B3LE",""
"XCB3LE",""
"M6E",""
"Q6E",""
"B3RE",""
"XCB3RE",""
"M7E",""
"Q5ER",""
"BX57255","LI20:BEND:7255"
"XC57255","LI20:XCOR:7255"
"YC3E",""
"S3ER_1",""
"M8E",""
"Q4ER_1",""
"BPM57260","LI20:BPMS:7260"
"Q57260","LI20:QUAD:7260"
"YC57260","LI20:YCOR:7260"
"Q4ER_2",""
"Q4ER_3",""
"S3ER_2",""
"BX57265","LI20:BEND:7265"
"XC57265","LI20:XCOR:7265"
"YC2321",""
"XC3E",""
"BPM57270","LI20:BPMS:7270"
"MS2ER",""
"Q57270","LI20:QUAD:7270"
"YC57270","LI20:YCOR:7270"
"S2ER",""
"Q3ER_1",""
"BX57275","LI20:BEND:7275"
"XC57275","LI20:XCOR:7275"
"Q3ER_2",""
"M9E",""
"S1ER",""
"BPM57280","LI20:BPMS:7280"
"Q2ER",""
"Q57280","LI20:QUAD:7280"
"YC57280","LI20:YCOR:7280"
"QBP20","QUAD:BPN20:400"
"SP57281",""
"YC57282","LI20:YCOR:7282"
"XC57282","LI20:XCOR:7282"
"BPMBP20","BPMS:BPN20:400"
"B2RE",""
"XCB2RE",""
"XCBP20","XCOR:BPN20:406"
"YCBP20","YCOR:BPN20:409"
"BZ57372",""
"IM57375","LI19:TORO:7375"
"XC4E",""
"IM57376","LI19:TORO:7376"
"PCTCAV",""
"BPM57383","LI20:BPMS:7283"
"PR57385",""
"XTCAVF","LI20:TCAV:2400"
"PC57388",""
"PR58390",""
"WIGE1",""
"BPM57400","LI20:BPMS:7400"
"WIGE2",""
"YCWIGE",""
"WIGE3",""
"SYAG",""
"Q1ER",""
"M11E",""
"IM2452",""
"XC2460",""
"B1RE",""
"QFF1",""
"M1FF",""
"BL20_4","BLEN:LI20:3014"
"SQ2",""
"YC1FF",""
"XC1FF",""
"QFF2_1",""
"M2FF",""
"QFF2_2",""
"QFF2_3",""
"YC2FF",""
"USTHZ",""
"DSTHZ",""
"XC3FF",""
"QFF4_1",""
"M3FF",""
"QFF4_2",""
"XC4FF",""
"M4FF",""
"QFF5",""
"YC4FF",""
"QFF6",""
"QS1",""
"M1EX",""
"XC1EX",""
"QS2",""
"M2EX",""
"B5D36",""
"M3EX",""
"PRDMP",""
"ELANEX","PROF:LI20:3500"
"BETAL","PROF:LI20:3303"
"BETA1","PROF:LI20:3501"
"CNEAR",""
"CFAR","CMOS:LI20:3492"
"BETA2","PROF:LI20:3488"
"CATHODE","CATH:IN20:111"
"SOL1BK","SOLN:IN20:111"
"CQ01","QUAD:IN20:121"
"SQ01","QUAD:IN20:122"
"XC00","XCOR:IN20:121"
"YC00","YCOR:IN20:122"
"SOL1","SOLN:IN20:121"
"AM00","MIRR:IN20:181"
"AM01","MIRR:IN20:191"
"YAG01","YAGS:IN20:211"
"FC01","FARC:IN20:212"
"FCG1","FARC:IN20:898"
"CRG1","CRAD:IN20:842"
"YAGG1","YAGS:IN20:841"
"IM01","TORO:IN20:215"
"QG03","QUAD:IN20:831"
"XCG2","XCOR:IN20:831"
"YCG2","YCOR:IN20:832"
"XC01","XCOR:IN20:221"
"YC01","YCOR:IN20:222"
"BPMG1","BPMS:IN20:821"
"BPM2","BPMS:IN20:221"
"QG02","QUAD:IN20:811"
"XCG1","XCOR:IN20:811"
"YCG1","YCOR:IN20:812"
"BXG","BEND:IN20:231"
"BPM3","BPMS:IN20:235"
"CR01","CRAD:IN20:237"
"YAG02","YAGS:IN20:241"
"MAINDUMP",""
"SOL2","SOLN:IN20:311"
"XC02","XCOR:IN20:311"
"YC02","YCOR:IN20:312"
"L0A___","ACCL:IN20:300"
"XC03","XCOR:IN20:341"
"YC03","YCOR:IN20:342"
"YAG03","YAGS:IN20:351"
"QA01","QUAD:IN20:361"
"PH01","PCAV:IN20:365"
"BPM5","BPMS:IN20:371"
"QA02","QUAD:IN20:371"
"XC04","XCOR:IN20:381"
"YC04","YCOR:IN20:382"
"L0B___","ACCL:IN20:400"
"XC05","XCOR:IN20:411"
"YC05","YCOR:IN20:412"
"BPM6","BPMS:IN20:425"
"QE01","QUAD:IN20:425"
"IM02","TORO:IN20:431"
"QE02","QUAD:IN20:441"
"BXH1","BEND:IN20:451"
"BXH2","BEND:IN20:461"
"OTRH1","OTRS:IN20:465"
"HTRUND","HTR:IN20:467"
"LH_UND","USEG:IN20:466"
"OTRH2","OTRS:IN20:471"
"BXH3","BEND:IN20:475"
"BXH4","BEND:IN20:481"
"TCAV0","TCAV:IN20:490"
"XC06","XCOR:IN20:491"
"YC06","YCOR:IN20:492"
"BPM8","BPMS:IN20:511"
"QE03","QUAD:IN20:511"
"XC07","XCOR:IN20:521"
"YC07","YCOR:IN20:522"
"BPM9","BPMS:IN20:525"
"QE04","QUAD:IN20:525"
"WS01","WIRE:IN20:531"
"OTR1","OTRS:IN20:541"
"RST1","STPR:IN20:551"
"WS02","WIRE:IN20:561"
"OTR2","OTRS:IN20:571"
"BPM10","BPMS:IN20:581"
"WS03","WIRE:IN20:611"
"OTR3","OTRS:IN20:621"
"BPM11","BPMS:IN20:631"
"QM01","QUAD:IN20:631"
"XC08","XCOR:IN20:641"
"YC08","YCOR:IN20:642"
"BPM12","BPMS:IN20:651"
"QM02","QUAD:IN20:651"
"BX01","BEND:IN20:661"
"OTR4","OTRS:IN20:711"
"XCS1","XCOR:IN20:911"
"YCS1","YCOR:IN20:912"
"XC09","XCOR:IN20:721"
"YC09","YCOR:IN20:722"
"BPM13","BPMS:IN20:731"
"QB","QUAD:IN20:731"
"YAGS1","YAGS:IN20:921"
"WS04","WIRE:IN20:741"
"BPMS1","BPMS:IN20:925"
"BXS","BEND:IN20:931"
"BX02","BEND:IN20:751"
"XC10","XCOR:IN20:761"
"YC10","YCOR:IN20:762"
"BPM14","BPMS:IN20:771"
"QM03","QUAD:IN20:771"
"BPMS2","BPMS:IN20:945"
"QS01","QUAD:IN20:941"
"BPM15","BPMS:IN20:781"
"QM04","QUAD:IN20:781"
"XCS2","XCOR:IN20:951"
"YCS2","YCOR:IN20:952"
"IM03","TORO:IN20:791"
"QS02","QUAD:IN20:961"
"IMS1","TORO:IN20:971"
"XC21101","XCOR:LI21:101"
"YC21102","YCOR:LI21:102"
"BPMS3","BPMS:IN20:981"
"YAGS2","YAGS:IN20:995"
"OTRS1","OTRS:IN20:997"
"K21_1B","KLYS:LI21:11"
"SDMP","DUMP:IN20:999"
"BPMA11","BPMS:LI21:131"
"QA11","QUAD:LI21:131"
"XC21135","XCOR:LI21:135"
"YC21136","YCOR:LI21:136"
"K21_1C","KLYS:LI21:11"
"BPMA12","BPMS:LI21:161"
"QA12","QUAD:LI21:161"
"XC21165","XCOR:LI21:165"
"YC21166","YCOR:LI21:166"
"K21_1D","KLYS:LI21:11"
"YC21174","YCOR:LI21:174"
"XC21175","XCOR:LI21:175"
"L1X___","ACCL:LI21:180"
"XC21191","XCOR:LI21:191"
"YC21192","YCOR:LI21:192"
"BPM21201","BPMS:LI21:201"
"Q21201","QUAD:LI21:201"
"IMBC1I","TORO:LI21:205"
"QM11","QUAD:LI21:211"
"BX11","BEND:LI21:215"
"CQ11","QUAD:LI21:221"
"BX12","BEND:LI21:231"
"BPMS11","BPMS:LI21:233"
"CE11","COLL:LI21:235"
"OTR11","OTRS:LI21:237"
"BX13","BEND:LI21:241"
"SQ13","QUAD:LI21:243"
"CQ12","QUAD:LI21:251"
"BX14","BEND:LI21:261"
"BL11","BLEN:LI21:265"
"QM12","QUAD:LI21:271"
"IMBC1O","TORO:LI21:277"
"BPMM12","BPMS:LI21:278"
"QM13","QUAD:LI21:278"
"BL12","BLEN:LI21:280"
"XC21275","XCOR:LI21:275"
"YC21276","YCOR:LI21:276"
"WS11","WIRE:LI21:285"
"WS12","WIRE:LI21:293"
"OTR12","OTRS:LI21:291"
"PH02","PCAV:LI21:300"
"XC21302","XCOR:LI21:302"
"YC21303","YCOR:LI21:303"
"WS13","WIRE:LI21:301"
"BPM21301","BPMS:LI21:301"
"Q21301","QUAD:LI21:301"
"TD11","DUMP:LI21:305"
"BPMM14","BPMS:LI21:315"
"QM14","QUAD:LI21:315"
"XC21325","XCOR:LI21:325"
"YC21325","YCOR:LI21:325"
"QM15","QUAD:LI21:335"
"K21_3B","KLYS:LI21:31"
"K21_3C","KLYS:LI21:31"
"QBP21","QUAD:BPN21:400"
"K21_3D","KLYS:LI21:31"
"BPMBP21","BPMS:BPN21:400"
"XCBP21","XCOR:BPN21:406"
"YCBP21","YCOR:BPN21:409"
"BPM21401","BPMS:LI21:401"
"Q21401","QUAD:LI21:401"
"XC21402","XCOR:LI21:402"
"YC21403","YCOR:LI21:403"
"K21_4A","KLYS:LI21:41"
"CXBP21","COLL:BPN21:424"
"K21_4B","KLYS:LI21:41"
"K21_4C","KLYS:LI21:41"
"K21_4D","KLYS:LI21:41"
"BPM21501","BPMS:LI21:501"
"Q21501","QUAD:LI21:501"
"XC21502","XCOR:LI21:502"
"YC21503","YCOR:LI21:503"
"K21_5A","KLYS:LI21:51"
"K21_5B","KLYS:LI21:51"
"K21_5C","KLYS:LI21:51"
"K21_5D","KLYS:LI21:51"
"BPM21601","BPMS:LI21:601"
"Q21601","QUAD:LI21:601"
"XC21602","XCOR:LI21:602"
"YC21603","YCOR:LI21:603"
"K21_6A","KLYS:LI21:61"
"K21_6B","KLYS:LI21:61"
"K21_6C","KLYS:LI21:61"
"K21_6D","KLYS:LI21:61"
"BPM21701","BPMS:LI21:701"
"Q21701","QUAD:LI21:701"
"XC21702","XCOR:LI21:702"
"YC21703","YCOR:LI21:703"
"K21_7A","KLYS:LI21:71"
"K21_7B","KLYS:LI21:71"
"K21_7C","KLYS:LI21:71"
"K21_7D","KLYS:LI21:71"
"BPM21801","BPMS:LI21:801"
"Q21801","QUAD:LI21:801"
"XC21802","XCOR:LI21:802"
"YC21803","YCOR:LI21:803"
"K21_8A","KLYS:LI21:81"
"K21_8B","KLYS:LI21:81"
"K21_8C","KLYS:LI21:81"
"K21_8D","KLYS:LI21:81"
"XC21900","XCOR:LI21:900"
"YC21900","YCOR:LI21:900"
"BPM21901","BPMS:LI21:901"
"Q21901","QUAD:LI21:901"
"K22_1A","KLYS:LI22:11"
"K22_1B","KLYS:LI22:11"
"K22_1C","KLYS:LI22:11"
"K22_1D","KLYS:LI22:11"
"BPM22201","BPMS:LI22:201"
"Q22201","QUAD:LI22:201"
"XC22202","XCOR:LI22:202"
"YC22203","YCOR:LI22:203"
"K22_2A","KLYS:LI22:21"
"K22_2B","KLYS:LI22:21"
"K22_2C","KLYS:LI22:21"
"K22_2D","KLYS:LI22:21"
"BPM22301","BPMS:LI22:301"
"Q22301","QUAD:LI22:301"
"XC22302","XCOR:LI22:302"
"YC22303","YCOR:LI22:303"
"K22_3A","KLYS:LI22:31"
"K22_3B","KLYS:LI22:31"
"K22_3C","KLYS:LI22:31"
"QBP22","QUAD:BPN22:400"
"K22_3D","KLYS:LI22:31"
"BPMBP22","BPMS:BPN22:400"
"XCBP22","XCOR:BPN22:406"
"YCBP22","YCOR:BPN22:409"
"BPM22401","BPMS:LI22:401"
"Q22401","QUAD:LI22:401"
"XC22402","XCOR:LI22:402"
"YC22403","YCOR:LI22:403"
"K22_4A","KLYS:LI22:41"
"CYBP22","COLL:BPN22:424"
"K22_4B","KLYS:LI22:41"
"K22_4C","KLYS:LI22:41"
"K22_4D","KLYS:LI22:41"
"BPM22501","BPMS:LI22:501"
"Q22501","QUAD:LI22:501"
"XC22502","XCOR:LI22:502"
"YC22503","YCOR:LI22:503"
"K22_5A","KLYS:LI22:51"
"K22_5B","KLYS:LI22:51"
"K22_5C","KLYS:LI22:51"
"K22_5D","KLYS:LI22:51"
"BPM22601","BPMS:LI22:601"
"Q22601","QUAD:LI22:601"
"XC22602","XCOR:LI22:602"
"YC22603","YCOR:LI22:603"
"K22_6A","KLYS:LI22:61"
"K22_6B","KLYS:LI22:61"
"K22_6C","KLYS:LI22:61"
"K22_6D","KLYS:LI22:61"
"BPM22701","BPMS:LI22:701"
"Q22701","QUAD:LI22:701"
"XC22702","XCOR:LI22:702"
"YC22703","YCOR:LI22:703"
"K22_7A","KLYS:LI22:71"
"K22_7B","KLYS:LI22:71"
"K22_7C","KLYS:LI22:71"
"K22_7D","KLYS:LI22:71"
"BPM22801","BPMS:LI22:801"
"Q22801","QUAD:LI22:801"
"XC22802","XCOR:LI22:802"
"YC22803","YCOR:LI22:803"
"K22_8A","KLYS:LI22:81"
"K22_8B","KLYS:LI22:81"
"K22_8C","KLYS:LI22:81"
"K22_8D","KLYS:LI22:81"
"XC22900","XCOR:LI22:900"
"YC22900","YCOR:LI22:900"
"BPM22901","BPMS:LI22:901"
"Q22901","QUAD:LI22:901"
"K23_1A","KLYS:LI23:11"
"K23_1B","KLYS:LI23:11"
"K23_1C","KLYS:LI23:11"
"K23_1D","KLYS:LI23:11"
"BPM23201","BPMS:LI23:201"
"Q23201","QUAD:LI23:201"
"XC23202","XCOR:LI23:202"
"YC23203","YCOR:LI23:203"
"K23_2A","KLYS:LI23:21"
"K23_2B","KLYS:LI23:21"
"K23_2C","KLYS:LI23:21"
"K23_2D","KLYS:LI23:21"
"BPM23301","BPMS:LI23:301"
"Q23301","QUAD:LI23:301"
"XC23302","XCOR:LI23:302"
"YC23303","YCOR:LI23:303"
"K23_3A","KLYS:LI23:31"
"K23_3B","KLYS:LI23:31"
"K23_3C","KLYS:LI23:31"
"QBP23","QUAD:BPN23:400"
"K23_3D","KLYS:LI23:31"
"BPMBP23","BPMS:BPN23:400"
"XCBP23","XCOR:BPN23:406"
"YCBP23","YCOR:BPN23:409"
"BPM23401","BPMS:LI23:401"
"Q23401","QUAD:LI23:401"
"XC23402","XCOR:LI23:402"
"YC23403","YCOR:LI23:403"
"K23_4A","KLYS:LI23:41"
"K23_4B","KLYS:LI23:41"
"K23_4C","KLYS:LI23:41"
"K23_4D","KLYS:LI23:41"
"BPM23501","BPMS:LI23:501"
"Q23501","QUAD:LI23:501"
"XC23502","XCOR:LI23:502"
"YC23503","YCOR:LI23:503"
"K23_5A","KLYS:LI23:51"
"K23_5B","KLYS:LI23:51"
"K23_5C","KLYS:LI23:51"
"K23_5D","KLYS:LI23:51"
"BPM23601","BPMS:LI23:601"
"Q23601","QUAD:LI23:601"
"XC23602","XCOR:LI23:602"
"YC23603","YCOR:LI23:603"
"K23_6A","KLYS:LI23:61"
"K23_6B","KLYS:LI23:61"
"K23_6C","KLYS:LI23:61"
"K23_6D","KLYS:LI23:61"
"BPM23701","BPMS:LI23:701"
"Q23701","QUAD:LI23:701"
"XC23702","XCOR:LI23:702"
"YC23703","YCOR:LI23:703"
"K23_7A","KLYS:LI23:71"
"K23_7B","KLYS:LI23:71"
"K23_7C","KLYS:LI23:71"
"K23_7D","KLYS:LI23:71"
"BPM23801","BPMS:LI23:801"
"Q23801","QUAD:LI23:801"
"XC23802","XCOR:LI23:802"
"YC23803","YCOR:LI23:803"
"K23_8A","KLYS:LI23:81"
"K23_8B","KLYS:LI23:81"
"K23_8C","KLYS:LI23:81"
"K23_8D","KLYS:LI23:81"
"XC23900","XCOR:LI23:900"
"YC23900","YCOR:LI23:900"
"BPM23901","BPMS:LI23:901"
"Q23901","QUAD:LI23:901"
"K24_1A","KLYS:LI24:11"
"K24_1B","KLYS:LI24:11"
"K24_1C","KLYS:LI24:11"
"K24_1D","KLYS:LI24:11"
"BPM24201","BPMS:LI24:201"
"Q24201","QUAD:LI24:201"
"XC24202","XCOR:LI24:202"
"YC24203","YCOR:LI24:203"
"K24_2A","KLYS:LI24:21"
"K24_2B","KLYS:LI24:21"
"K24_2C","KLYS:LI24:21"
"K24_2D","KLYS:LI24:21"
"BPM24301","BPMS:LI24:301"
"Q24301","QUAD:LI24:301"
"XC24302","XCOR:LI24:302"
"YC24303","YCOR:LI24:303"
"K24_3A","KLYS:LI24:31"
"K24_3B","KLYS:LI24:31"
"K24_3C","KLYS:LI24:31"
"QBP24","QUAD:BPN24:400"
"K24_3D","KLYS:LI24:31"
"BPMBP24","BPMS:BPN24:400"
"RFBBP24","BPMS:BPN24:401"
"XCBP24","XCOR:BPN24:406"
"YCBP24","YCOR:BPN24:409"
"BPM24401","BPMS:LI24:401"
"Q24401","QUAD:LI24:401"
"XC24402","XCOR:LI24:402"
"YC24403","YCOR:LI24:403"
"K24_4A","KLYS:LI24:41"
"K24_4B","KLYS:LI24:41"
"K24_4C","KLYS:LI24:41"
"K24_4D","KLYS:LI24:41"
"BPM24501","BPMS:LI24:501"
"Q24501","QUAD:LI24:501"
"XC24502","XCOR:LI24:502"
"YC24503","YCOR:LI24:503"
"K24_5A","KLYS:LI24:51"
"K24_5B","KLYS:LI24:51"
"K24_5C","KLYS:LI24:51"
"K24_5D","KLYS:LI24:51"
"BPM24601","BPMS:LI24:601"
"Q24601","QUAD:LI24:601"
"XC24602","XCOR:LI24:602"
"YC24603","YCOR:LI24:603"
"K24_6A","KLYS:LI24:61"
"K24_6B","KLYS:LI24:61"
"K24_6C","KLYS:LI24:61"
"K24_6D","KLYS:LI24:61"
"XC24702","XCOR:LI24:702"
"YC24703","YCOR:LI24:703"
"Q24701A","QUAD:LI24:701"
"BPM24701","BPMS:LI24:701"
"Q24701B","QUAD:LI24:702"
"WS24","WIRE:LI24:705"
"IMBC2I","TORO:LI24:707"
"QM21","QUAD:LI24:713"
"BX21","BEND:LI24:720"
"CQ21","QUAD:LI24:740"
"BX22","BEND:LI24:790"
"BPMS21","BPMS:LI24:801"
"CE21","COLL:LI24:805"
"OTR21","OTRS:LI24:807"
"BX23","BEND:LI24:810"
"CQ22","QUAD:LI24:860"
"BX24","BEND:LI24:880"
"BL21","BLEN:LI24:886"
"QM22","QUAD:LI24:892"
"BPM24901","BPMS:LI24:901"
"Q24901A","QUAD:LI24:901"
"Q24901B","QUAD:LI24:902"
"XC24900","XCOR:LI24:900"
"YC24900","YCOR:LI24:900"
"K25_1A","KLYS:LI25:11"
"K25_1B","KLYS:LI25:11"
"K25_1D","KLYS:LI25:11"
"BPM25201","BPMS:LI25:201"
"Q25201","QUAD:LI25:201"
"XC25202","XCOR:LI25:202"
"YC25203","YCOR:LI25:203"
"K25_2A","KLYS:LI25:21"
"K25_2B","KLYS:LI25:21"
"K25_2C","KLYS:LI25:21"
"IMBC2O","TORO:LI25:235"
"TCAV3","TCAV:LI24:800"
"BPM25301","BPMS:LI25:301"
"Q25301","QUAD:LI25:301"
"XC25302","XCOR:LI25:302"
"YC25303","YCOR:LI25:303"
"K25_3A","KLYS:LI25:31"
"K25_3B","KLYS:LI25:31"
"K25_3C","KLYS:LI25:31"
"PH03","PCAV:LI25:300"
"BL22","BLEN:LI25:340"
"QBP25","QUAD:BPN25:400"
"BPMBP25","BPMS:BPN25:400"
"BXKIK","KICK:LI25:344"
"XCBP25","XCOR:BPN25:406"
"YCBP25","YCOR:BPN25:409"
"BPM25401","BPMS:LI25:401"
"Q25401","QUAD:LI25:401"
"XC25402","XCOR:LI25:402"
"YC25403","YCOR:LI25:403"
"K25_4A","KLYS:LI25:41"
"CXBP25","COLL:BPN25:424"
"K25_4B","KLYS:LI25:41"
"K25_4C","KLYS:LI25:41"
"K25_4D","KLYS:LI25:41"
"BPM25501","BPMS:LI25:501"
"Q25501","QUAD:LI25:501"
"XC25502","XCOR:LI25:502"
"YC25503","YCOR:LI25:503"
"K25_5A","KLYS:LI25:51"
"K25_5B","KLYS:LI25:51"
"K25_5C","KLYS:LI25:51"
"K25_5D","KLYS:LI25:51"
"BPM25601","BPMS:LI25:601"
"Q25601","QUAD:LI25:601"
"XC25602","XCOR:LI25:602"
"YC25603","YCOR:LI25:603"
"K25_6A","KLYS:LI25:61"
"K25_6B","KLYS:LI25:61"
"K25_6C","KLYS:LI25:61"
"K25_6D","KLYS:LI25:61"
"BPM25701","BPMS:LI25:701"
"Q25701","QUAD:LI25:701"
"XC25702","XCOR:LI25:702"
"YC25703","YCOR:LI25:703"
"K25_7A","KLYS:LI25:71"
"K25_7B","KLYS:LI25:71"
"K25_7C","KLYS:LI25:71"
"K25_7D","KLYS:LI25:71"
"BPM25801","BPMS:LI25:801"
"Q25801","QUAD:LI25:801"
"XC25802","XCOR:LI25:802"
"YC25803","YCOR:LI25:803"
"K25_8A","KLYS:LI25:81"
"K25_8B","KLYS:LI25:81"
"K25_8C","KLYS:LI25:81"
"K25_8D","KLYS:LI25:81"
"XC25900","XCOR:LI25:900"
"YC25900","YCOR:LI25:900"
"BPM25901","BPMS:LI25:901"
"Q25901","QUAD:LI25:901"
"OTR_TCAV","OTRS:LI25:920"
"K26_1A","KLYS:LI26:11"
"K26_1B","KLYS:LI26:11"
"K26_1C","KLYS:LI26:11"
"K26_1D","KLYS:LI26:11"
"BPM26201","BPMS:LI26:201"
"Q26201","QUAD:LI26:201"
"XC26202","XCOR:LI26:202"
"YC26203","YCOR:LI26:203"
"K26_2A","KLYS:LI26:21"
"K26_2B","KLYS:LI26:21"
"K26_2C","KLYS:LI26:21"
"K26_2D","KLYS:LI26:21"
"BPM26301","BPMS:LI26:301"
"Q26301","QUAD:LI26:301"
"XC26302","XCOR:LI26:302"
"YC26303","YCOR:LI26:303"
"K26_3A","KLYS:LI26:31"
"K26_3B","KLYS:LI26:31"
"K26_3C","KLYS:LI26:31"
"QBP26","QUAD:BPN26:400"
"K26_3D","KLYS:LI26:31"
"BPMBP26","BPMS:BPN26:400"
"XCBP26","XCOR:BPN26:406"
"YCBP26","YCOR:BPN26:409"
"BPM26401","BPMS:LI26:401"
"Q26401","QUAD:LI26:401"
"XC26402","XCOR:LI26:402"
"YC26403","YCOR:LI26:403"
"K26_4A","KLYS:LI26:41"
"CYBP26","COLL:BPN26:424"
"K26_4B","KLYS:LI26:41"
"K26_4C","KLYS:LI26:41"
"K26_4D","KLYS:LI26:41"
"BPM26501","BPMS:LI26:501"
"Q26501","QUAD:LI26:501"
"XC26502","XCOR:LI26:502"
"YC26503","YCOR:LI26:503"
"K26_5A","KLYS:LI26:51"
"K26_5B","KLYS:LI26:51"
"K26_5C","KLYS:LI26:51"
"K26_5D","KLYS:LI26:51"
"BPM26601","BPMS:LI26:601"
"Q26601","QUAD:LI26:601"
"XC26602","XCOR:LI26:602"
"YC26603","YCOR:LI26:603"
"K26_6A","KLYS:LI26:61"
"K26_6B","KLYS:LI26:61"
"K26_6C","KLYS:LI26:61"
"K26_6D","KLYS:LI26:61"
"BPM26701","BPMS:LI26:701"
"Q26701","QUAD:LI26:701"
"XC26702","XCOR:LI26:702"
"YC26703","YCOR:LI26:703"
"K26_7A","KLYS:LI26:71"
"K26_7B","KLYS:LI26:71"
"K26_7C","KLYS:LI26:71"
"K26_7D","KLYS:LI26:71"
"BPM26801","BPMS:LI26:801"
"Q26801","QUAD:LI26:801"
"XC26802","XCOR:LI26:802"
"YC26803","YCOR:LI26:803"
"K26_8A","KLYS:LI26:81"
"K26_8B","KLYS:LI26:81"
"K26_8C","KLYS:LI26:81"
"K26_8D","KLYS:LI26:81"
"XC26900","XCOR:LI26:900"
"YC26900","YCOR:LI26:900"
"BPM26901","BPMS:LI26:901"
"Q26901","QUAD:LI26:901"
"K27_1A","KLYS:LI27:11"
"K27_1B","KLYS:LI27:11"
"K27_1C","KLYS:LI27:11"
"K27_1D","KLYS:LI27:11"
"BPM27201","BPMS:LI27:201"
"Q27201","QUAD:LI27:201"
"XC27202","XCOR:LI27:202"
"YC27203","YCOR:LI27:203"
"K27_2A","KLYS:LI27:21"
"K27_2B","KLYS:LI27:21"
"K27_2C","KLYS:LI27:21"
"K27_2D","KLYS:LI27:21"
"BPM27301","BPMS:LI27:301"
"Q27301","QUAD:LI27:301"
"XC27302","XCOR:LI27:302"
"YC27303","YCOR:LI27:303"
"K27_3A","KLYS:LI27:31"
"K27_3B","KLYS:LI27:31"
"K27_3C","KLYS:LI27:31"
"QBP27","QUAD:BPN27:400"
"K27_3D","KLYS:LI27:31"
"BPMBP27","BPMS:BPN27:400"
"XCBP27","XCOR:BPN27:406"
"YCBP27","YCOR:BPN27:409"
"BPM27401","BPMS:LI27:401"
"Q27401","QUAD:LI27:401"
"XC27402","XCOR:LI27:402"
"YC27403","YCOR:LI27:403"
"K27_4A","KLYS:LI27:41"
"K27_4B","KLYS:LI27:41"
"K27_4C","KLYS:LI27:41"
"K27_4D","KLYS:LI27:41"
"BPM27501","BPMS:LI27:501"
"Q27501","QUAD:LI27:501"
"XC27502","XCOR:LI27:502"
"YC27503","YCOR:LI27:503"
"K27_5A","KLYS:LI27:51"
"K27_5B","KLYS:LI27:51"
"K27_5C","KLYS:LI27:51"
"K27_5D","KLYS:LI27:51"
"BPM27601","BPMS:LI27:601"
"Q27601","QUAD:LI27:601"
"XC27602","XCOR:LI27:602"
"YC27603","YCOR:LI27:603"
"K27_6A","KLYS:LI27:61"
"K27_6B","KLYS:LI27:61"
"K27_6C","KLYS:LI27:61"
"WS27644","WIRE:LI27:644"
"BPM27701","BPMS:LI27:701"
"Q27701","QUAD:LI27:701"
"XC27702","XCOR:LI27:702"
"YC27703","YCOR:LI27:703"
"K27_7A","KLYS:LI27:71"
"K27_7B","KLYS:LI27:71"
"K27_7C","KLYS:LI27:71"
"K27_7D","KLYS:LI27:71"
"BPM27801","BPMS:LI27:801"
"Q27801","QUAD:LI27:801"
"XC27802","XCOR:LI27:802"
"YC27803","YCOR:LI27:803"
"K27_8A","KLYS:LI27:81"
"K27_8B","KLYS:LI27:81"
"K27_8C","KLYS:LI27:81"
"K27_8D","KLYS:LI27:81"
"XC27900","XCOR:LI27:900"
"YC27900","YCOR:LI27:900"
"BPM27901","BPMS:LI27:901"
"Q27901","QUAD:LI27:901"
"K28_1A","KLYS:LI28:11"
"K28_1B","KLYS:LI28:11"
"K28_1C","KLYS:LI28:11"
"WS28144","WIRE:LI28:144"
"BPM28201","BPMS:LI28:201"
"Q28201","QUAD:LI28:201"
"XC28202","XCOR:LI28:202"
"YC28203","YCOR:LI28:203"
"QBP35","QUAD:BPN28:200"
"BPMBP35","BPMS:BPN28:200"
"RFBBP35","BPMS:BPN28:201"
"K28_2A","KLYS:LI28:21"
"XCBP35","XCOR:BPN28:206"
"YCBP35","YCOR:BPN28:209"
"K28_2B","KLYS:LI28:21"
"K28_2C","KLYS:LI28:21"
"K28_2D","KLYS:LI28:21"
"BPM28301","BPMS:LI28:301"
"Q28301","QUAD:LI28:301"
"XC28302","XCOR:LI28:302"
"YC28303","YCOR:LI28:303"
"K28_3A","KLYS:LI28:31"
"K28_3B","KLYS:LI28:31"
"K28_3C","KLYS:LI28:31"
"QBP28","QUAD:BPN28:400"
"K28_3D","KLYS:LI28:31"
"BPMBP28","BPMS:BPN28:400"
"XCBP28","XCOR:BPN28:406"
"YCBP28","YCOR:BPN28:409"
"BPM28401","BPMS:LI28:401"
"Q28401","QUAD:LI28:401"
"XC28402","XCOR:LI28:402"
"BKYSP0H","KICK:SPH:105"
"YC28403","YCOR:LI28:403"
"K28_4A","KLYS:LI28:41"
"BKYSP1H","KICK:SPH:110"
"BKYSP2H","KICK:SPH:115"
"BKYSP3H","KICK:SPH:120"
"K28_4B","KLYS:LI28:41"
"BKYSP4H","KICK:SPH:125"
"BKYSP5H","KICK:SPH:130"
"K28_4C","KLYS:LI28:41"
"BPMSPH","BPMS:SPD:135"
"BPMSPH?","BPMS:SPH:135"
"WS28444","WIRE:LI28:444"
"BPM28501","BPMS:LI28:501"
"Q28501","QUAD:LI28:501"
"XC28502","XCOR:LI28:502"
"YC28503","YCOR:LI28:503"
"K28_5A","KLYS:LI28:51"
"K28_5B","KLYS:LI28:51"
"K28_5C","KLYS:LI28:51"
"BLXSPH","BEND:SPH:170"
"BPM28601","BPMS:LI28:601"
"Q28601","QUAD:LI28:601"
"XC28602","XCOR:LI28:602"
"YC28603","YCOR:LI28:603"
"K28_6A","KLYS:LI28:61"
"K28_6B","KLYS:LI28:61"
"K28_6C","KLYS:LI28:61"
"K28_6D","KLYS:LI28:61"
"BPM28701","BPMS:LI28:701"
"Q28701","QUAD:LI28:701"
"XC28702","XCOR:LI28:702"
"YC28703","YCOR:LI28:703"
"K28_7A","KLYS:LI28:71"
"K28_7B","KLYS:LI28:71"
"K28_7C","KLYS:LI28:71"
"BPMSP1","BPMS:SPD:255"
"WS28744","WIRE:LI28:744"
"BPM28801","BPMS:LI28:801"
"Q28801","QUAD:LI28:801"
"XC28802","XCOR:LI28:802"
"YC28803","YCOR:LI28:803"
"K28_8A","KLYS:LI28:81"
"K28_8B","KLYS:LI28:81"
"BYSP1H","BEND:SPH:270"
"K28_8C","KLYS:LI28:81"
"K28_8D","KLYS:LI28:81"
"XC28900","XCOR:LI28:900"
"YC28900","YCOR:LI28:900"
"BPM28901","BPMS:LI28:901"
"Q28901","QUAD:LI28:901"
"C29096","COLL:LI28:916"
"ST28950",""
"ST28960",""
"K29_1A","KLYS:LI29:11"
"BYSP2H","BEND:SPH:310"
"QSP1H","QUAD:SPH:320"
"SSP1H","SEXT:SPH:321"
"BPMSP1H","BPMS:SPH:322"
"XCSP1H","XCOR:SPH:324"
"QSP1","QUAD:SPD:330"
"K29_1B","KLYS:LI29:11"
"XCSP1","XCOR:SPD:334"
"BPMSP2","BPMS:SPD:340"
"QSP2","QUAD:SPD:340"
"YCSP2","YCOR:SPD:343"
"BPMSP2H","BPMS:SPH:345"
"QSP2H","QUAD:SPH:345"
"K29_1C","KLYS:LI29:11"
"YCSP2H","YCOR:SPH:346"
"C29146","COLL:LI29:146"
"BPM29201","BPMS:LI29:201"
"Q29201","QUAD:LI29:201"
"XC29202","XCOR:LI29:202"
"YC29203","YCOR:LI29:203"
"K29_2A","KLYS:LI29:21"
"IMSP0H","TORO:SPH:365"
"K29_2B","KLYS:LI29:21"
"BRSP1H","BEND:SPH:370"
"K29_2C","KLYS:LI29:21"
"K29_2D","KLYS:LI29:21"
"BKYSP0S","KICK:SPS:380"
"BKYSP1S","KICK:SPS:385"
"BPM29301","BPMS:LI29:301"
"Q29301","QUAD:LI29:301"
"XC29302","XCOR:LI29:302"
"YC29303","YCOR:LI29:303"
"BKYSP2S","KICK:SPS:390"
"K29_3A","KLYS:LI29:31"
"BKYSP3S","KICK:SPS:395"
"BKYSP4S","KICK:SPS:400"
"K29_3B","KLYS:LI29:31"
"BKYSP5S","KICK:SPS:410"
"XCSP3H","XCOR:SPH:414"
"SSP2H","SEXT:SPH:415"
"K29_3C","KLYS:LI29:31"
"BPMSPS","BPMS:SPD:420"
"BPMSPS?","BPMS:SPS:420"
"QSP3H","QUAD:SPH:420"
"BPMSP3H","BPMS:SPH:420"
"K29_3D","KLYS:LI29:31"
"BPM29401","BPMS:LI29:401"
"Q29401","QUAD:LI29:401"
"XC29402","XCOR:LI29:402"
"YC29403","YCOR:LI29:403"
"K29_4A","KLYS:LI29:41"
"YCSP4H","YCOR:SPH:447"
"K29_4B","KLYS:LI29:41"
"QSP4H","QUAD:SPH:450"
"BPMSP4H","BPMS:SPH:450"
"K29_4C","KLYS:LI29:41"
"BLXSPS","BEND:SPS:470"
"C29446","COLL:LI29:446"
"BPM29501","BPMS:LI29:501"
"Q29501","QUAD:LI29:501"
"XC29502","XCOR:LI29:502"
"YC29503","YCOR:LI29:503"
"K29_5A","KLYS:LI29:51"
"K29_5B","KLYS:LI29:51"
"K29_5C","KLYS:LI29:51"
"C29546","COLL:LI29:546"
"BPM29601","BPMS:LI29:601"
"Q29601","QUAD:LI29:601"
"XC29602","XCOR:LI29:602"
"YC29603","YCOR:LI29:603"
"K29_6A","KLYS:LI29:61"
"XCSP5H","XCOR:SPH:516"
"QSP5H","QUAD:SPH:520"
"BPMSP5H","BPMS:SPH:520"
"BPMSP1D","BPMS:SPD:525"
"BYSP1S","BEND:SPS:530"
"K29_6B","KLYS:LI29:61"
"BKRDAS1",""
"BKRDAS2",""
"K29_6C","KLYS:LI29:61"
"BKRDAS3",""
"BKRDAS4",""
"BKRDAS5",""
"K29_6D","KLYS:LI29:61"
"BKRDAS6",""
"BPM29701","BPMS:LI29:701"
"Q29701","QUAD:LI29:701"
"XC29702","XCOR:LI29:702"
"YC29703","YCOR:LI29:703"
"K29_7A","KLYS:LI29:71"
"BYSP2S","BEND:SPS:560"
"K29_7B","KLYS:LI29:71"
"BPMDAS","BPMS:SPD:570"
"BPMDAS?",""
"QSP1S","QUAD:SPS:570"
"SSP1S","SEXT:SPS:571"
"BPMSP1S","BPMS:SPS:572"
"XCSP1S","XCOR:SPS:578"
"QSP2S","QUAD:SPS:580"
"K29_7C","KLYS:LI29:71"
"BPMSP2S","BPMS:SPS:580"
"YCSP2S","YCOR:SPS:587"
"K29_7D","KLYS:LI29:71"
"BPM29801","BPMS:LI29:801"
"Q29801","QUAD:LI29:801"
"XC29802","XCOR:LI29:802"
"YC29803","YCOR:LI29:803"
"YCSP6H","YCOR:SPH:597"
"QSP6H","QUAD:SPH:600"
"K29_8A","KLYS:LI29:81"
"BPMSP6H","BPMS:SPH:600"
"IMSP0S","TORO:SPS:605"
"BXSP1S","BEND:SPS:610"
"K29_8B","KLYS:LI29:81"
"K29_8C","KLYS:LI29:81"
"BLRDAS",""
"K29_8D","KLYS:LI29:81"
"XCSP3S","XCOR:SPS:634"
"XC29900","XCOR:LI29:900"
"QSP3S","QUAD:SPS:640"
"YC29900","YCOR:LI29:900"
"BPM29901","BPMS:LI29:901"
"Q29901","QUAD:LI29:901"
"BPMSP3S","BPMS:SPS:640"
"P30013","LI30:PROF:13"
"P30014","LI30:PROF:14"
"C29956","COLL:LI29:956"
"YCSP4S","YCOR:SPS:643"
"QSP4S","QUAD:SPS:650"
"BPMSP4S","BPMS:SPS:650"
"K30_1A","KLYS:LI30:11"
"K30_1B","KLYS:LI30:11"
"K30_1C","KLYS:LI30:11"
"K30_1D","KLYS:LI30:11"
"BPMSP7H","BPMS:SPH:675"
"QSP7H","QUAD:SPH:675"
"XCSP7H","XCOR:SPH:684"
"P30143","LI30:PROF:143"
"P30144","LI30:PROF:144"
"C30146","COLL:LI30:146"
"BPM30201","BPMS:LI30:201"
"Q30201","QUAD:LI30:201"
"XCSP1D","XCOR:SPD:688"
"XC30202","XCOR:LI30:202"
"QSP1D","QUAD:SPD:690"
"YC30203","YCOR:LI30:203"
"K30_2A","KLYS:LI30:21"
"IMSP0D","TORO:SPD:695"
"BPMSP2D","BPMS:SPD:700"
"QSP2D","QUAD:SPD:700"
"K30_2B","KLYS:LI30:21"
"YCSP2D","YCOR:SPD:703"
"XCSP5S","XCOR:SPS:706"
"XCDAS1",""
"QSP5S","QUAD:SPS:710"
"YCDAS1",""
"BPMSP5S","BPMS:SPS:710"
"K30_2C","KLYS:LI30:21"
"BPMDAS1",""
"QDAS1B",""
"QDAS1A",""
"BYSP1D","BEND:SPD:719"
"QDAS2A",""
"K30_2D","KLYS:LI30:21"
"QDAS2B",""
"BPM30301","BPMS:LI30:301"
"Q30301","QUAD:LI30:301"
"XC30302","XCOR:LI30:302"
"YC30303","YCOR:LI30:303"
"K30_3A","KLYS:LI30:31"
"K30_3B","KLYS:LI30:31"
"K30_3C","KLYS:LI30:31"
"YCSP8H","YCOR:SPH:757"
"QSP8H","QUAD:SPH:760"
"K30_3D","KLYS:LI30:31"
"BPMSP8H","BPMS:SPH:760"
"YCSP6S","YCOR:SPS:767"
"QSP6S","QUAD:SPS:770"
"BPM30401","BPMS:LI30:401"
"Q30401","QUAD:LI30:401"
"XC30402","XCOR:LI30:402"
"BPMSP6S","BPMS:SPS:770"
"YC30403","YCOR:LI30:403"
"K30_4A","KLYS:LI30:41"
"XCSP7S","XCOR:SPS:776"
"QSP7S","QUAD:SPS:780"
"BPMSP7S","BPMS:SPS:780"
"K30_4B","KLYS:LI30:41"
"K30_4C","KLYS:LI30:41"
"BXSP2S","BEND:SPS:800"
"K30_4D","KLYS:LI30:41"
"P30443","LI30:PROF:443"
"P30444","LI30:PROF:444"
"C30446","COLL:LI30:446"
"BPM30501","BPMS:LI30:501"
"Q30501","QUAD:LI30:501"
"XC30502","XCOR:LI30:502"
"IMDAS1",""
"YC30503","YCOR:LI30:503"
"IMDAS2",""
"K30_5A","KLYS:LI30:51"
"BRDAS1",""
"RCDAS11",""
"K30_5B","KLYS:LI30:51"
"YCSP8S","YCOR:SPS:827"
"QDAS11",""
"QSP8S","QUAD:SPS:830"
"K30_5C","KLYS:LI30:51"
"BPMSP8S","BPMS:SPS:830"
"XCSP9S","XCOR:SPS:836"
"SSP2S","SEXT:SPS:839"
"QSP9H","QUAD:SPH:840"
"QSP9S","QUAD:SPS:840"
"BPMSP9H","BPMS:SPH:840"
"K30_5D","KLYS:LI30:51"
"BPMSP9S","BPMS:SPS:840"
"XCSP9H","XCOR:SPH:844"
"P30543","LI30:PROF:543"
"P30544","LI30:PROF:544"
"C30546","COLL:LI30:546"
"BPM30601","BPMS:LI30:601"
"Q30601","QUAD:LI30:601"
"XC30602","XCOR:LI30:602"
"YC30603","YCOR:LI30:603"
"K30_6A","KLYS:LI30:61"
"K30_6B","KLYS:LI30:61"
"WSSP1D","WIRE:SPD:872"
"IMBCSH1","TORO:SPH:875"
"IMBCSD1","TORO:SPD:875"
"IMBCSS1","TORO:SPS:875"
"K30_6C","KLYS:LI30:61"
"IMBCSD2","TORO:SPD:876"
"IMBCSH2","TORO:SPH:876"
"IMBCSS2","TORO:SPS:876"
"QDAS12",""
"K30_6D","KLYS:LI30:61"
"BPM30701","BPMS:LI30:701"
"Q30701","QUAD:LI30:701"
"PRDAS12",""
"XC30702","XCOR:LI30:702"
"YC30703","YCOR:LI30:703"
"K30_7A","KLYS:LI30:71"
"K30_7B","KLYS:LI30:71"
"BPMSP10H","BPMS:SPH:915"
"YCSP10H","YCOR:SPH:917"
"QSP10H","QUAD:SPH:920"
"K30_7C","KLYS:LI30:71"
"K30_7D","KLYS:LI30:71"
"BPM30801","BPMS:LI30:801"
"Q30801","QUAD:LI30:801"
"XC30802","XCOR:LI30:802"
"YC30803","YCOR:LI30:803"
"K30_8A","KLYS:LI30:81"
"XCSP11H","XCOR:SPH:938"
"BPMSP11H","BPMS:SPH:940"
"QSP11H","QUAD:SPH:940"
"QDAS13",""
"K30_8B","KLYS:LI30:81"
"BXSP3S","BEND:SPS:950"
"YC30900","YCOR:LI30:900"
"K30_8C","KLYS:LI30:81"
"BPMSP3D","BPMS:SPD:955"
"XC30900","XCOR:LI30:900"
"BYSP2D","BEND:SPD:960"
"IMBSY1","TORO:CLTH:104"
"IMBSY2","TORO:CLTH:105"
"XCSP3D","XCOR:SPD:964"
"IMBSY3","TORO:CLTH:107"
"IMBSY34","TORO:CLTH:108"
"YCSP4D","YCOR:SPD:965"
"IMBSY1B","TORO:CLTH:122"
"IMBSY2B","TORO:CLTH:124"
"IMBSY3B","TORO:CLTH:126"
"YCBSYQ1","YCOR:CLTH:133"
"Q50Q1","QUAD:CLTH:140"
"BPMBSYQ1","BPMS:CLTH:140"
"BRSP2H","BEND:SLTH:145"
"QBP36","QUAD:SLTS:150"
"BPMBP36","BPMS:SLTS:150"
"XCDAS14",""
"QDAS14",""
"XCBSYQ2","XCOR:CLTH:168"
"Q50Q2","QUAD:CLTH:170"
"BPMBSYQ2","BPMS:CLTH:170"
"QBP30","QUAD:SLTS:180"
"RFBBP30","BPMS:SLTS:180"
"XCBP30","XCOR:SLTS:182"
"BRCUSDC1","BEND:CLTS:180"
"YCBP30","YCOR:SLTS:183"
"BKRCUS","KICK:CLTS:185"
"BRCUSDC2","BEND:CLTS:190"
"BPMSP12H","BPMS:SLTH:200"
"QSP12H","QUAD:SLTH:200"
"YCSP12H","YCOR:SLTH:201"
"PRDAS14",""
"BPMCUS","BPMS:CLTH:215"
"BPMCUS?","BPMS:CLTS:210"
"XCSP13H","XCOR:SLTH:218"
"QSP13H","QUAD:SLTH:220"
"BPMSP13H","BPMS:SLTH:220"
"QDAS15",""
"BLRCUS","BEND:CLTS:280"
"QDAS16",""
"QCUS1","QUAD:CLTS:420"
"BPMCUS1","BPMS:CLTS:420"
"PRDAS17",""
"XCCUS1","XCOR:CLTS:426"
"YCDAS17",""
"QDAS17",""
"CXBP30","COLL:SLTS:428"
"QBP31","QUAD:SLTS:430"
"BXSP1H","BEND:SLTH:435"
"BPMBP31","BPMS:SLTS:430"
"XCBP31","XCOR:SLTS:442"
"Q50Q3","QUAD:BSYH:445"
"YCBP31","YCOR:SLTS:443"
"BPMBSYQ3","BPMS:BSYH:445"
"RFBBSYQ3","BPMS:BSYH:446"
"QCUS2","QUAD:CLTS:450"
"BPMCUS2","BPMS:CLTS:450"
"PCSP1S","COLL:SLTS:451"
"XCBSYQ3","XCOR:BSYH:452"
"YCCUS2","YCOR:CLTS:453"
"BPMBP32","BPMS:SLTS:460"
"QBP32","QUAD:SLTS:460"
"YCBSYQ4","YCOR:BSYH:461"
"BPMBSYQ4","BPMS:BSYH:465"
"Q4","QUAD:BSYH:465"
"BPMCUS3","BPMS:CLTS:470"
"XCBP32","XCOR:SLTS:468"
"QCUS3","QUAD:CLTS:470"
"YCBP32","YCOR:SLTS:469"
"PCBSY3","COLL:BSYH:471"
"YCCUS3","YCOR:CLTS:471"
"BKRAPM1","KICK:BSYH:475"
"PCAPM1","COLL:BSYH:479"
"PCAPM1?",""
"BKRAPM2","KICK:BSYH:483"
"XCAPM2","XCOR:BSYH:485"
"YCAPM2","YCOR:BSYH:485"
"PCAPM2","COLL:BSYH:487"
"PCAPM2?",""
"BKRAPM3","KICK:BSYH:491"
"PCAPM3","COLL:BSYH:495"
"PCAPM3?",""
"BKRAPM4","KICK:BSYH:499"
"PCSP2S","COLL:SLTS:497"
"PCAPM4","COLL:BSYH:503"
"PCAPM4?",""
"BPMCUS4","BPMS:CLTS:500"
"QCUS4","QUAD:CLTS:500"
"XCCUS4","XCOR:CLTS:504"
"QDAS18A",""
"QDAS18B",""
"BYCUS1","BEND:CLTS:505"
"BPMCUS5","BPMS:CLTS:510"
"QCUS5","QUAD:CLTS:510"
"PCBSYA",""
"PCBSYH","COLL:BSYH:520"
"QCUS6","QUAD:CLTS:530"
"YCCUS6","YCOR:CLTS:533"
"BYCUS2","BEND:CLTS:535"
"YCBSYA","YCOR:BSYA:333"
"YAGAPM",""
"BPMCUS7","BPMS:CLTS:540"
"QCUS7","QUAD:CLTS:540"
"XCCUS7","XCOR:CLTS:542"
"QDAS19",""
"BPMDAS19",""
"BPMCUS8","BPMS:CLTS:570"
"QCUS8","QUAD:CLTS:570"
"YCCUS8","YCOR:CLTS:573"
"STCLTS","STPR:CLTS:585"
"BTMCLTS",""
"BPMCUS9","BPMS:CLTS:590"
"QCUS9","QUAD:CLTS:590"
"YCCUS9","YCOR:CLTS:597"
"XCCUS10","XCOR:CLTS:614"
"XCSP5D","XCOR:SLTD:616"
"YCSP6D","YCOR:SLTD:619"
"BPMCUS10","BPMS:CLTS:620"
"QCUS10","QUAD:CLTS:620"
"BPMSP4D","BPMS:SLTD:625"
"BKXRASD","XCOR:SLTD:628"
"BKYRASD","YCOR:SLTD:631"
"BPMBSYQ5","BPMS:BSYH:640"
"Q5","QUAD:BSYH:640"
"XCBSYQ5","XCOR:BSYH:642"
"BRDAS2",""
"RCDAS19",""
"BPMBSYQ6","BPMS:BSYH:735"
"Q6","QUAD:BSYH:735"
"RFBBSYQ6","BPMS:BSYH:736"
"YCBSYQ6","YCOR:BSYH:739"
"PC90","COLL:BSYH:762"
"BRCUS1","BEND:CLTS:765"
"PRBRAM1",""
"TGTBRAM1",""
"BRAM1","BEND:BSYA:975"
"PCBP33",""
"Q10",""
"PC10",""
"PCBSY4","COLL:BSYH:802"
"BPM10A",""
"STBP34A","STPR:BSYS:891"
"BTMBP34A","BTM:BSYS:889"
"I10",""
"PR10",""
"STBP34B","STPR:BSYS:897"
"BTMBP34B","BTM:BSYS:898"
"A10Y",""
"QBP33","QUAD:BSYS:820"
"I11",""
"RFBBP33","BPMS:BSYS:820"
"XCBP33","XCOR:BSYS:822"
"YCBP33","YCOR:BSYS:823"
"Q11",""
"PC119","COLL:BSYH:836"
"B11",""
"D2","STPR:BSYH:847"
"PCSP3S","COLL:BSYS:848"
"ST60","STPR:BSYH:854"
"DM60","BTM:BSYH:858"
"B12",""
"CXBP34","COLL:BSYS:859"
"QBP34","QUAD:BSYS:865"
"BPMBP34","BPMS:BSYS:865"
"PC12",""
"XCBP34","XCOR:BSYS:872"
"YCBP34","YCOR:BSYS:873"
"BPM12A",""
"BCX311","BEND:BSYH:880"
"BCX312","BEND:BSYH:882"
"BCX313","BEND:BSYH:884"
"BCX314","BEND:BSYH:886"
"CXQ6","COLL:BSYH:892"
"B13",""
"PCBSY5","COLL:BSYH:893"
"BPMSP5D","BPMS:SLTD:895"
"OTRSPDMP","PROF:SLTD:897"
"XCA0","XCOR:BSYH:900"
"YCA0","YCOR:BSYH:901"
"ST61","STPR:BSYH:905"
"PCSP4S","COLL:BSYS:906"
"BPMBSYQA0","BPMS:BSYH:910"
"QA0","QUAD:BSYH:910"
"B14",""
"DUMPBSY","DUMP:SLTD:923"
"BTMSPDMP","BTM:SLTD:932"
"PC14",""
"B15",""
"B16",""
"YCVM1","YCOR:LTUH:105"
"BPMDBL1","BPMS:LTUS:110"
"QDBL1","QUAD:LTUS:110"
"BPMVM1","BPMS:LTUH:110"
"QVM1","QUAD:LTUH:110"
"YCDBL1","YCOR:LTUS:111"
"XCVM2","XCOR:LTUH:115"
"CYBDL","COLL:LTUS:116"
"SYNC",""
"BPMVM2","BPMS:LTUH:120"
"QVM2","QUAD:LTUH:120"
"XCDBL2","XCOR:LTUS:118"
"WSVM2","WIRE:LTUH:122"
"BPMDBL2","BPMS:LTUS:120"
"QDBL2","QUAD:LTUS:120"
"BY1","BEND:LTUH:125"
"PC17",""
"BPM17",""
"A18Y",""
"PR18",""
"SP18",""
"Q19",""
"BPMVB1","BPMS:LTUH:130"
"QVB1","QUAD:LTUH:130"
"YCVB1","YCOR:LTUH:133"
"SL19",""
"XCVB2","XCOR:LTUH:144"
"SL10",""
"BPMVB2","BPMS:LTUH:150"
"QVB2","QUAD:LTUH:150"
"XCDL11","XCOR:LTUS:148"
"QDL11","QUAD:LTUS:150"
"PC01",""
"BTM01","BTM:LTUH:156"
"BPMDL11","BPMS:LTUS:150"
"BPMVB3","BPMS:LTUH:170"
"QVB3","QUAD:LTUH:170"
"YCVB3","YCOR:LTUH:171"
"BCX31B1","BEND:LTUS:165"
"Q20",""
"BCX31B2","BEND:LTUS:166"
"BCX31B3","BEND:LTUS:167"
"BCX31B4","BEND:LTUS:168"
"BX31B","BEND:LTUS:175"
"PC20",""
"PR20",""
"PC01B",""
"BTM01B","BTM:LTUS:178"
"BY2","BEND:LTUH:175"
"BPMDL12","BPMS:LTUS:180"
"XCVM3","XCOR:LTUH:178"
"QDL12","QUAD:LTUS:180"
"B21",""
"BPMVM3","BPMS:LTUH:180"
"QVM3","QUAD:LTUH:180"
"YCDL12","YCOR:LTUS:183"
"YCVM4","YCOR:LTUH:185"
"BPMVM4","BPMS:LTUH:190"
"QVM4","QUAD:LTUH:190"
"IM31","TORO:LTUH:195"
"IMBCS1","TORO:LTUH:196"
"BX31","BEND:LTUH:220"
"B22",""
"PC02",""
"BTM02","BTM:LTUH:224"
"B23",""
"XCDL13","XCOR:LTUS:228"
"SDL1","SEXT:LTUS:230"
"QDL13","QUAD:LTUS:235"
"CEDL13","COLL:LTUS:235"
"BPMDL13","BPMS:LTUS:235"
"B24",""
"PC24",""
"BPM24",""
"WSDL31","WIRE:LTUH:246"
"XCDL1","XCOR:LTUH:248"
"BPMDL1","BPMS:LTUH:250"
"QDL31","QUAD:LTUH:250"
"I24",""
"RFBDL1","BPMS:LTUH:251"
"C24",""
"YCDL1","YCOR:LTUH:253"
"CEDL1","COLL:LTUH:253"
"WIG1H","BEND:LTUH:255"
"WIG2H","BEND:LTUH:256"
"YCWIGH","YCOR:LTUH:256"
"B25",""
"WIG3H","BEND:LTUH:257"
"B26",""
"PC22",""
"YCDL14","YCOR:LTUS:267"
"QDL14","QUAD:LTUS:270"
"BPMDL14","BPMS:LTUS:270"
"PC26",""
"Q27",""
"PC03B",""
"BTM03B","BTM:LTUS:274"
"CYBX32","COLL:LTUH:276"
"SQ27P5",""
"BX32","BEND:LTUH:280"
"Q28",""
"QT11","QUAD:LTUH:285"
"XCQT12","XCOR:LTUH:288"
"BPM28",""
"BPMT12","BPMS:LTUH:290"
"QT12","QUAD:LTUH:290"
"I28",""
"YCQT12","YCOR:LTUH:293"
"PR28",""
"QT13","QUAD:LTUH:295"
"A28X",""
"A29Y",""
"XCDL15","XCOR:LTUS:296"
"SDL2","SEXT:LTUS:297"
"QDL15","QUAD:LTUS:300"
"BPMDL15","BPMS:LTUS:300"
"BCX321","BEND:LTUH:300"
"BCX322","BEND:LTUH:301"
"BCX323","BEND:LTUH:302"
"BCX324","BEND:LTUH:303"
"PC03",""
"BTM03","BTM:LTUH:312"
"BYKIK1","KICK:LTUH:320"
"BYKIK2","KICK:LTUH:340"
"YCDL16","YCOR:LTUS:341"
"QDL16","QUAD:LTUS:345"
"CYDL16","COLL:LTUS:345"
"BPMDL16","BPMS:LTUS:345"
"XCDL2","XCOR:LTUH:348"
"BPMDL2","BPMS:LTUH:350"
"QDL32","QUAD:LTUH:350"
"PC04B",""
"BTM04B","BTM:LTUS:349"
"YCDL2","YCOR:LTUH:353"
"SPOILER","SPLR:LTUH:359"
"BYKIK1S","KICK:LTUS:350"
"BYKIK2S","KICK:LTUS:360"
"TDKIK","DUMP:LTUH:360"
"PCTDKIK1","COLL:LTUH:361"
"PCTDKIK2","COLL:LTUH:362"
"XCDL17","XCOR:LTUS:368"
"BPMDL17","BPMS:LTUS:370"
"PCTDKIK3","COLL:LTUH:363"
"QDL17","QUAD:LTUS:370"
"PCTDKIK4","COLL:LTUH:364"
"CEDL17","COLL:LTUS:372"
"SPOILERS",""
"BCX351","BEND:LTUH:375"
"BCX352","BEND:LTUH:376"
"PC29",""
"BCX353","BEND:LTUH:377"
"I29",""
"BCX354","BEND:LTUH:378"
"YCQT21","YCOR:LTUH:383"
"TDKIKS","DUMP:LTUS:385"
"Q30",""
"QT21","QUAD:LTUH:385"
"PCTDKIK1S","COLL:LTUS:387"
"XCQT22","XCOR:LTUH:388"
"A32X",""
"BPMT22","BPMS:LTUH:390"
"QT22","QUAD:LTUH:390"
"PCTDKIK2S","COLL:LTUS:389"
"A33Y",""
"CXQT22","COLL:LTUH:393"
"BPM31",""
"PCTDKIK3S","COLL:LTUS:391"
"BPM32",""
"QT23","QUAD:LTUH:395"
"PR33",""
"PCTDKIK4S","COLL:LTUS:393"
"BX35","BEND:LTUH:420"
"OTRDL18",""
"YCDL18","YCOR:LTUS:427"
"QDL18","QUAD:LTUS:430"
"BPMDL18","BPMS:LTUS:430"
"PC04",""
"BTM04","BTM:LTUH:432"
"CQ31","QUAD:LTUH:440"
"PC06B",""
"BTM06B","BTM:LTUS:446"
"PC42",""
"BTM42","BTM:LTUH:436"
"OTR30","OTRS:LTU1:449"
"C37",""
"XCDL3","XCOR:LTUH:448"
"XCDL19","XCOR:LTUS:448"
"QDL19","QUAD:LTUS:450"
"BPMDL3","BPMS:LTUH:450"
"QDL33","QUAD:LTUH:450"
"BPMDL19","BPMS:LTUS:450"
"YCDL3","YCOR:LTUH:453"
"CEDL3","COLL:LTUH:452"
"Q38",""
"CQ32","QUAD:LTUH:460"
"BX32B","BEND:LTUS:460"
"BPMDL20","BPMS:LTUS:470"
"QDL20","QUAD:LTUS:470"
"YCDL20","YCOR:LTUS:471"
"BCX32B1","BEND:LTUS:475"
"BCX32B2","BEND:LTUS:476"
"CYBX36","COLL:LTUH:475"
"BCX32B3","BEND:LTUS:477"
"BCX32B4","BEND:LTUS:478"
"PC07B",""
"BTM07B","BTM:LTUS:479"
"BX36","BEND:LTUH:480"
"QT31","QUAD:LTUH:485"
"XCQT32","XCOR:LTUH:488"
"BPMT32","BPMS:LTUH:490"
"QT32","QUAD:LTUH:490"
"YCQT32","YCOR:LTUH:493"
"QT33","QUAD:LTUH:495"
"BCX361","BEND:LTUH:505"
"BCX362","BEND:LTUH:506"
"YCDL21","YCOR:LTUS:499"
"BCX363","BEND:LTUH:507"
"BPMDL21","BPMS:LTUS:500"
"QDL21","QUAD:LTUS:500"
"BCX364","BEND:LTUH:508"
"PC43",""
"BTM43","BTM:LTUH:509"
"IMBCS2","TORO:LTUH:510"
"XCDL22","XCOR:LTUS:508"
"BPMDL22","BPMS:LTUS:510"
"QDL22","QUAD:LTUS:510"
"PC05",""
"BTM05","BTM:LTUH:516"
"PC08B",""
"BTM08B","BTM:LTUS:517"
"BY1B","BEND:LTUS:525"
"WSDL4","WIRE:LTUH:538"
"BPMVB1B","BPMS:LTUS:540"
"QVB1B","QUAD:LTUS:540"
"DCHIRPV","DCHP:LTUH:545"
"YCVB1B","YCOR:LTUS:547"
"BPMDL4","BPMS:LTUH:550"
"QDL34","QUAD:LTUH:550"
"XCVB2B","XCOR:LTUS:548"
"BPMVB2B","BPMS:LTUS:550"
"QVB2B","QUAD:LTUS:550"
"DCHIRPH","DCHP:LTUH:555"
"BPMVB3B","BPMS:LTUS:560"
"QVB3B","QUAD:LTUS:560"
"XCDL4","XCOR:LTUH:558"
"YCVB3B","YCOR:LTUS:561"
"YCDL4","YCOR:LTUH:563"
"PC09B",""
"BTM09B","BTM:LTUS:563"
"BY2B","BEND:LTUS:565"
"XCVM3B","XCOR:LTUS:568"
"PC06",""
"BTM06","BTM:LTUH:552"
"BPMVM3B","BPMS:LTUS:570"
"QVM3B","QUAD:LTUS:570"
"YCVM4B","YCOR:LTUS:577"
"BPMVM4B","BPMS:LTUS:580"
"QVM4B","QUAD:LTUS:580"
"QT41","QUAD:LTUH:585"
"XCQT42","XCOR:LTUH:588"
"PC10B",""
"BPMT42","BPMS:LTUH:590"
"QT42","QUAD:LTUH:590"
"BTM10B","BTM:LTUS:591"
"YCQT42","YCOR:LTUH:593"
"QT43","QUAD:LTUH:595"
"IM36","TORO:LTUH:605"
"YCEM1","YCOR:LTUH:611"
"XCEM1B","XCOR:LTUS:616"
"BPMEM1","BPMS:LTUH:620"
"BPMEM1B","BPMS:LTUS:620"
"QEM1","QUAD:LTUH:620"
"QEM1B","QUAD:LTUS:620"
"BPMEM2B","BPMS:LTUS:640"
"QEM2B","QUAD:LTUS:640"
"BPMEM2","BPMS:LTUH:640"
"QEM2","QUAD:LTUH:640"
"YCEM2B","YCOR:LTUS:641"
"XCEM2","XCOR:LTUH:642"
"PC07",""
"BTM07","BTM:LTUH:632"
"YCEM3","YCOR:LTUH:657"
"XCEM3B","XCOR:LTUS:658"
"BPMEM3B","BPMS:LTUS:660"
"QEM3B","QUAD:LTUS:660"
"BPMEM3","BPMS:LTUH:660"
"QEM3","QUAD:LTUH:660"
"QEM3V","QUAD:LTUH:665"
"QEM3VB","QUAD:LTUS:665"
"PC11B",""
"BTM11B","BTM:LTUS:669"
"XCEM4","XCOR:LTUH:678"
"YCEM4B","YCOR:LTUS:677"
"BPMEM4","BPMS:LTUH:680"
"BPMEM4B","BPMS:LTUS:680"
"QEM4","QUAD:LTUH:680"
"QEM4B","QUAD:LTUS:680"
"RFBEM4B","BPMS:LTUS:681"
"RFBEM4","BPMS:LTUH:681"
"PC08",""
"BTM08","BTM:LTUH:658"
"WS31","WIRE:LTUH:715"
"WS31B","WIRE:LTUS:715"
"PC09",""
"BTM09","BTM:LTUH:694"
"XCE31B","XCOR:LTUS:718"
"XCE31","XCOR:LTUH:718"
"BPME31B","BPMS:LTUS:720"
"QE31B","QUAD:LTUS:720"
"BPME31","BPMS:LTUH:720"
"QE31","QUAD:LTUH:720"
"YCXL1","YCOR:LTUS:721"
"XCXL1","XCOR:LTUS:722"
"UMXL1H",""
"UMXL2H",""
"PC12B",""
"BTM12B","BTM:LTUS:727"
"YCE32","YCOR:LTUH:727"
"YCE32B","YCOR:LTUS:729"
"BPME32B","BPMS:LTUS:730"
"QE32B","QUAD:LTUS:730"
"BPME32","BPMS:LTUH:730"
"QE32","QUAD:LTUH:730"
"RFBE32","BPMS:LTUH:731"
"RFBE32B","BPMS:LTUS:731"
"WS32","WIRE:LTUH:735"
"WS32B","WIRE:LTUS:735"
"XCE33B","XCOR:LTUS:738"
"XCE33","XCOR:LTUH:738"
"BPME33","BPMS:LTUH:740"
"BPME33B","BPMS:LTUS:740"
"QE33","QUAD:LTUH:740"
"QE33B","QUAD:LTUS:740"
"YAGPSI","YAGS:LTUH:743"
"OTR33","OTRS:LTUH:745"
"YCE34","YCOR:LTUH:747"
"YCE34B","YCOR:LTUS:749"
"BPME34","BPMS:LTUH:750"
"BPME34B","BPMS:LTUS:750"
"QE34","QUAD:LTUH:750"
"QE34B","QUAD:LTUS:750"
"RFBE34","BPMS:LTUH:751"
"RFBE34B","BPMS:LTUS:751"
"WS33B","WIRE:LTUS:755"
"WS33","WIRE:LTUH:755"
"XCE35B","XCOR:LTUS:758"
"XCE35","XCOR:LTUH:758"
"BPME35","BPMS:LTUH:760"
"BPME35B","BPMS:LTUS:760"
"QE35","QUAD:LTUH:760"
"QE35B","QUAD:LTUS:760"
"BCXXL1","BEND:LTUS:766"
"BCXXL2","BEND:LTUS:768"
"BCXXL3","BEND:LTUS:770"
"BCXXL4","BEND:LTUS:772"
"YCXL2","YCOR:LTUS:775"
"XCXL2","XCOR:LTUS:776"
"UMXL3H",""
"UMXL4H",""
"YCE36B","YCOR:LTUS:789"
"YCE36","YCOR:LTUH:767"
"BPME36B","BPMS:LTUS:770"
"QE36B","QUAD:LTUS:770"
"BPME36","BPMS:LTUH:770"
"QE36","QUAD:LTUH:770"
"RFBE36B","BPMS:LTUS:771"
"RFBE36","BPMS:LTUH:771"
"WS34","WIRE:LTUH:775"
"WS34B","WIRE:LTUS:775"
"XCUM1","XCOR:LTUH:818"
"BPMUM1","BPMS:LTUH:820"
"QUM1","QUAD:LTUH:820"
"BPMUM1B","BPMS:LTUS:820"
"QUM1B","QUAD:LTUS:820"
"XCUM1B","XCOR:LTUS:826"
"YCUM2","YCOR:LTUH:837"
"YCUM2B","YCOR:LTUS:839"
"BPMUM2B","BPMS:LTUS:840"
"QUM2B","QUAD:LTUS:840"
"BPMUM2","BPMS:LTUH:840"
"QUM2","QUAD:LTUH:840"
"XCUM3","XCOR:LTUH:858"
"XCUM3B","XCOR:LTUS:858"
"BPMUM3B","BPMS:LTUS:860"
"QUM3B","QUAD:LTUS:860"
"BPMUM3","BPMS:LTUH:860"
"QUM3","QUAD:LTUH:860"
"YCUM4","YCOR:LTUH:877"
"YCUM4B","YCOR:LTUS:877"
"BPMUM4","BPMS:LTUH:880"
"BPMUM4B","BPMS:LTUS:880"
"QUM4","QUAD:LTUH:880"
"QUM4B","QUAD:LTUS:880"
"RFB07","BPMS:LTUH:910"
"IMUNDI","TORO:LTUH:920"
"BLTOF","GJET:LTU1:927"
"RFB08","BPMS:LTUH:960"
"TDUND","DUMP:LTUH:970"
"PCMUON","COLL:LTUH:980"
"RFBHX12","BPMS:UNDH:1305"
"TDUNDB","DUMP:LTUS:972"
"PCMUONB",""
"UMAHXH13","USEG:UNDH:1350"
"XCHU13","EFC:UNDH:1350:X"
"YCHU13","EFC:UNDH:1350:Y"
"BLMH13","CBLM:UNDH:1375"
"QHXH13","QUAD:UNDH:1380"
"XCHX13","XCOR:UNDH:1380"
"YCHX13","YCOR:UNDH:1380"
"RFBHX13","BPMS:UNDH:1390"
"PSHXH13","PHAS:UNDH:1395"
"QSXH16","QUAD:UNDS:1680"
"XCSX16","XCOR:UNDS:1680"
"YCSX16","YCOR:UNDS:1680"
"RFBSX16","BPMS:UNDS:1690"
"UMAHXH14","USEG:UNDH:1450"
"XCHU14","EFC:UNDH:1450:X"
"YCHU14","EFC:UNDH:1450:Y"
"WIGXLH","WIGG:LTUS:986"
"BLMH14","CBLM:UNDH:1475"
"QHXH14","QUAD:UNDH:1480"
"XCHX14","XCOR:UNDH:1480"
"YCHX14","YCOR:UNDH:1480"
"RFBHX14","BPMS:UNDH:1490"
"PSHXH14","PHAS:UNDH:1495"
"UMAHXH15","USEG:UNDH:1550"
"XCHU15","EFC:UNDH:1550:X"
"YCHU15","EFC:UNDH:1550:Y"
"BLMH15","CBLM:UNDH:1575"
"QHXH15","QUAD:UNDH:1580"
"XCHX15","XCOR:UNDH:1580"
"YCHX15","YCOR:UNDH:1580"
"RFBHX15","BPMS:UNDH:1590"
"PSHXH15","PHAS:UNDH:1595"
"UMAHXH16","USEG:UNDH:1650"
"XCHU16","EFC:UNDH:1650:X"
"YCHU16","EFC:UNDH:1650:Y"
"BLMH16","CBLM:UNDH:1675"
"QHXH16","QUAD:UNDH:1680"
"XCHX16","XCOR:UNDH:1680"
"YCHX16","YCOR:UNDH:1680"
"RFBHX16","BPMS:UNDH:1690"
"PSHXH16","PHAS:UNDH:1695"
"QSXH19","QUAD:UNDS:1980"
"XCSX19","XCOR:UNDS:1980"
"YCSX19","YCOR:UNDS:1980"
"UMAHXH17","USEG:UNDH:1750"
"XCHU17","EFC:UNDH:1750:X"
"YCHU17","EFC:UNDH:1750:Y"
"RFBSX19","BPMS:UNDS:1990"
"BLMH17","CBLM:UNDH:1775"
"QHXH17","QUAD:UNDH:1780"
"XCHX17","XCOR:UNDH:1780"
"YCHX17","YCOR:UNDH:1780"
"RFBHX17","BPMS:UNDH:1790"
"PSHXH17","PHAS:UNDH:1795"
"UMAHXH18","USEG:UNDH:1850"
"XCHU18","EFC:UNDH:1850:X"
"YCHU18","EFC:UNDH:1850:Y"
"BLMH18","CBLM:UNDH:1875"
"QHXH18","QUAD:UNDH:1880"
"XCHX18","XCOR:UNDH:1880"
"YCHX18","YCOR:UNDH:1880"
"RFBHX18","BPMS:UNDH:1890"
"PSHXH18","PHAS:UNDH:1895"
"UMAHXH19","USEG:UNDH:1950"
"XCHU19","EFC:UNDH:1950:X"
"YCHU19","EFC:UNDH:1950:Y"
"QSXH21","QUAD:UNDS:2180"
"XCSX21","XCOR:UNDS:2180"
"YCSX21","YCOR:UNDS:2180"
"RFBSX21","BPMS:UNDS:2190"
"BLMH19","CBLM:UNDH:1975"
"QHXH19","QUAD:UNDH:1980"
"XCHX19","XCOR:UNDH:1980"
"YCHX19","YCOR:UNDH:1980"
"RFBHX19","BPMS:UNDH:1990"
"PSHXH19","PHAS:UNDH:1995"
"XCHX20","XCOR:UNDH:2080"
"YCHX20","YCOR:UNDH:2080"
"RFBHX20","BPMS:UNDH:2090"
"UMAHXH20","USEG:UNDH:2050"
"XCHU21","EFC:UNDH:2150:X"
"YCHU21","EFC:UNDH:2150:Y"
"BLMH21","CBLM:UNDH:2110"
"XCHX21","XCOR:UNDH:2180"
"YCHX21","YCOR:UNDH:2180"
"RFBHX21","BPMS:UNDH:2190"
"PSHXH20","PHAS:UNDH:2095"
"XCHU20","EFC:UNDH:2050:X"
"YCHU20","EFC:UNDH:2050:Y"
"BLMH20",""
"QHXH20","QUAD:UNDH:2080"
"QHXH21","QUAD:UNDH:2180"
"UMAHXH22","USEG:UNDH:2250"
"XCHU22","EFC:UNDH:2250:X"
"YCHU22","EFC:UNDH:2250:Y"
"BLMH22","CBLM:UNDH:2275"
"QHXH22","QUAD:UNDH:2280"
"XCHX22","XCOR:UNDH:2280"
"YCHX22","YCOR:UNDH:2280"
"QSXH24","QUAD:UNDS:2480"
"XCSX24","XCOR:UNDS:2480"
"YCSX24","YCOR:UNDS:2480"
"RFBHX22","BPMS:UNDH:2290"
"RFBSX24","BPMS:UNDS:2490"
"PSHXH22","PHAS:UNDH:2295"
"UMAHXH23","USEG:UNDH:2350"
"XCHU23","EFC:UNDH:2350:X"
"YCHU23","EFC:UNDH:2350:Y"
"BLMH23","CBLM:UNDH:2375"
"QHXH23","QUAD:UNDH:2380"
"XCHX23","XCOR:UNDH:2380"
"YCHX23","YCOR:UNDH:2380"
"RFBHX23","BPMS:UNDH:2390"
"PSHXH23","PHAS:UNDH:2395"
"RFBSX25","BPMS:UNDS:2590"
"BLMS26","CBLM:UNDS:2610"
"UMAHXH24","USEG:UNDH:2450"
"XCHU24","EFC:UNDH:2450:X"
"YCHU24","EFC:UNDH:2450:Y"
"UMASXH26","USEG:UNDS:2650"
"XCSU26","EFC:UNDS:2650:X"
"YCSU26","EFC:UNDS:2650:Y"
"BLMH24","CBLM:UNDH:2475"
"QHXH24","QUAD:UNDH:2480"
"XCHX24","XCOR:UNDH:2480"
"YCHX24","YCOR:UNDH:2480"
"RFBHX24","BPMS:UNDH:2490"
"PSHXH24","PHAS:UNDH:2495"
"PSSXH26","PHAS:UNDS:2670"
"QSXH26","QUAD:UNDS:2680"
"XCSX26","XCOR:UNDS:2680"
"YCSX26","YCOR:UNDS:2680"
"RFBSX26","BPMS:UNDS:2690"
"BLMS27","CBLM:UNDS:2710"
"UMAHXH25","USEG:UNDH:2550"
"XCHU25","EFC:UNDH:2550:X"
"YCHU25","EFC:UNDH:2550:Y"
"UMASXH27","USEG:UNDS:2750"
"XCSU27","EFC:UNDS:2750:X"
"YCSU27","EFC:UNDS:2750:Y"
"BLMH25","CBLM:UNDH:2575"
"QHXH25","QUAD:UNDH:2580"
"XCHX25","XCOR:UNDH:2580"
"YCHX25","YCOR:UNDH:2580"
"RFBHX25","BPMS:UNDH:2590"
"PSHXH25","PHAS:UNDH:2595"
"PSSXH27","PHAS:UNDS:2770"
"QSXH27","QUAD:UNDS:2780"
"XCSX27","XCOR:UNDS:2780"
"YCSX27","YCOR:UNDS:2780"
"RFBSX27","BPMS:UNDS:2790"
"BLMS28","CBLM:UNDS:2810"
"UMAHXH26","USEG:UNDH:2650"
"XCHU26","EFC:UNDH:2650:X"
"YCHU26","EFC:UNDH:2650:Y"
"UMASXH28","USEG:UNDS:2850"
"XCSU28","EFC:UNDS:2850:X"
"YCSU28","EFC:UNDS:2850:Y"
"BLMH26","CBLM:UNDH:2675"
"QHXH26","QUAD:UNDH:2680"
"XCHX26","XCOR:UNDH:2680"
"YCHX26","YCOR:UNDH:2680"
"RFBHX26","BPMS:UNDH:2690"
"PSHXH26","PHAS:UNDH:2695"
"PSSXH28","PHAS:UNDS:2870"
"QSXH28","QUAD:UNDS:2880"
"XCSX28","XCOR:UNDS:2880"
"YCSX28","YCOR:UNDS:2880"
"RFBSX28","BPMS:UNDS:2890"
"BLMS29","CBLM:UNDS:2910"
"UMAHXH27","USEG:UNDH:2750"
"XCHU27","EFC:UNDH:2750:X"
"YCHU27","EFC:UNDH:2750:Y"
"UMASXH29","USEG:UNDS:2950"
"XCSU29","EFC:UNDS:2950:X"
"YCSU29","EFC:UNDS:2950:Y"
"BLMH27","CBLM:UNDH:2775"
"QHXH27","QUAD:UNDH:2780"
"XCHX27","XCOR:UNDH:2780"
"YCHX27","YCOR:UNDH:2780"
"RFBHX27","BPMS:UNDH:2790"
"PSHXH27","PHAS:UNDH:2795"
"BCXHS1","BEND:UNDH:2810"
"PSSXH29","PHAS:UNDS:2970"
"BCXHS2","BEND:UNDH:2830"
"QSXH29","QUAD:UNDS:2980"
"XCSX29","XCOR:UNDS:2980"
"YCSX29","YCOR:UNDS:2980"
"RFBSX29","BPMS:UNDS:2990"
"DIAMOND","PBLM:UNDH:2810"
"BLMS30","CBLM:UNDS:3010"
"BCXHS3","BEND:UNDH:2850"
"BCXHS4","BEND:UNDH:2870"
"QHXH28","QUAD:UNDH:2880"
"XCHX28","XCOR:UNDH:2880"
"YCHX28","YCOR:UNDH:2880"
"RFBHX28","BPMS:UNDH:2890"
"UMASXH30","USEG:UNDS:3050"
"XCSU30","EFC:UNDS:3050:X"
"YCSU30","EFC:UNDS:3050:Y"
"PSSXH30","PHAS:UNDS:3070"
"UMAHXH29","USEG:UNDH:2950"
"XCHU29","EFC:UNDH:2950:X"
"YCHU29","EFC:UNDH:2950:Y"
"QSXH30","QUAD:UNDS:3080"
"XCSX30","XCOR:UNDS:3080"
"YCSX30","YCOR:UNDS:3080"
"RFBSX30","BPMS:UNDS:3090"
"BLMS31","CBLM:UNDS:3110"
"BLMH29","CBLM:UNDH:2975"
"QHXH29","QUAD:UNDH:2980"
"XCHX29","XCOR:UNDH:2980"
"YCHX29","YCOR:UNDH:2980"
"RFBHX29","BPMS:UNDH:2990"
"PSHXH29","PHAS:UNDH:2995"
"UMASXH31","USEG:UNDS:3150"
"XCSU31","EFC:UNDS:3150:X"
"YCSU31","EFC:UNDS:3150:Y"
"UMAHXH30","USEG:UNDH:3050"
"XCHU30","EFC:UNDH:3050:X"
"YCHU30","EFC:UNDH:3050:Y"
"PSSXH31","PHAS:UNDS:3170"
"QSXH31","QUAD:UNDS:3180"
"XCSX31","XCOR:UNDS:3180"
"YCSX31","YCOR:UNDS:3180"
"RFBSX31","BPMS:UNDS:3190"
"BLMS32","CBLM:UNDS:3210"
"BLMH30","CBLM:UNDH:3075"
"QHXH30","QUAD:UNDH:3080"
"XCHX30","XCOR:UNDH:3080"
"YCHX30","YCOR:UNDH:3080"
"RFBHX30","BPMS:UNDH:3090"
"PSHXH30","PHAS:UNDH:3095"
"UMASXH32","USEG:UNDS:3250"
"XCSU32","EFC:UNDS:3250:X"
"YCSU32","EFC:UNDS:3250:Y"
"UMAHXH31","USEG:UNDH:3150"
"XCHU31","EFC:UNDH:3150:X"
"YCHU31","EFC:UNDH:3150:Y"
"PSSXH32","PHAS:UNDS:3270"
"QSXH32","QUAD:UNDS:3280"
"XCSX32","XCOR:UNDS:3280"
"YCSX32","YCOR:UNDS:3280"
"RFBSX32","BPMS:UNDS:3290"
"BLMS33","CBLM:UNDS:3310"
"BLMH31","CBLM:UNDH:3175"
"QHXH31","QUAD:UNDH:3180"
"XCHX31","XCOR:UNDH:3180"
"YCHX31","YCOR:UNDH:3180"
"RFBHX31","BPMS:UNDH:3190"
"PSHXH31","PHAS:UNDH:3195"
"UMASXH33","USEG:UNDS:3350"
"XCSU33","EFC:UNDS:3350:X"
"YCSU33","EFC:UNDS:3350:Y"
"UMAHXH32","USEG:UNDH:3250"
"XCHU32","EFC:UNDH:3250:X"
"YCHU32","EFC:UNDH:3250:Y"
"PSSXH33","PHAS:UNDS:3370"
"QSXH33","QUAD:UNDS:3380"
"XCSX33","XCOR:UNDS:3380"
"YCSX33","YCOR:UNDS:3380"
"RFBSX33","BPMS:UNDS:3390"
"BLMH32","CBLM:UNDH:3275"
"BLMS34","CBLM:UNDS:3410"
"QHXH32","QUAD:UNDH:3280"
"XCHX32","XCOR:UNDH:3280"
"YCHX32","YCOR:UNDH:3280"
"RFBHX32","BPMS:UNDH:3290"
"PSHXH32","PHAS:UNDH:3295"
"UMASXH34","USEG:UNDS:3450"
"XCSU34","EFC:UNDS:3450:X"
"YCSU34","EFC:UNDS:3450:Y"
"UMAHXH33","USEG:UNDH:3350"
"XCHU33","EFC:UNDH:3350:X"
"YCHU33","EFC:UNDH:3350:Y"
"PSSXH34","PHAS:UNDS:3470"
"BLMH33","CBLM:UNDH:3375"
"QSXH34","QUAD:UNDS:3480"
"XCSX34","XCOR:UNDS:3480"
"YCSX34","YCOR:UNDS:3480"
"QHXH33","QUAD:UNDH:3380"
"XCHX33","XCOR:UNDH:3380"
"YCHX33","YCOR:UNDH:3380"
"RFBSX34","BPMS:UNDS:3490"
"RFBHX33","BPMS:UNDH:3390"
"PSHXH33","PHAS:UNDH:3395"
"BCXSS1","BEND:UNDS:3510"
"GSXS1","GRAT:UNDS:3515"
"MSXS1","MIRR:UNDS:3520"
"BCXSS2","BEND:UNDS:3530"
"UMAHXH34","USEG:UNDH:3450"
"XCHU34","EFC:UNDH:3450:X"
"YCHU34","EFC:UNDH:3450:Y"
"BCXSS3","BEND:UNDS:3550"
"SLSXS1","SLIT:UNDS:3555"
"MSXS2","MIRR:UNDS:3560"
"MSXS3","MIRR:UNDS:3565"
"BCXSS4","BEND:UNDS:3570"
"BLMH34","CBLM:UNDH:3475"
"QHXH34","QUAD:UNDH:3480"
"XCHX34","XCOR:UNDH:3480"
"YCHX34","YCOR:UNDH:3480"
"RFBHX34","BPMS:UNDH:3490"
"BOD10","BOD:UND1:1005"
"PSHXH34","PHAS:UNDH:3495"
"QSXH35","QUAD:UNDS:3580"
"XCSX35","XCOR:UNDS:3580"
"YCSX35","YCOR:UNDS:3580"
"RFBSX35","BPMS:UNDS:3590"
"BLMS36","CBLM:UNDS:3610"
"UMAHXH35","USEG:UNDH:3550"
"XCHU35","EFC:UNDH:3550:X"
"YCHU35","EFC:UNDH:3550:Y"
"UMASXH36","USEG:UNDS:3650"
"XCSU36","EFC:UNDS:3650:X"
"YCSU36","EFC:UNDS:3650:Y"
"BLMH35","CBLM:UNDH:3575"
"QHXH35","QUAD:UNDH:3580"
"XCHX35","XCOR:UNDH:3580"
"YCHX35","YCOR:UNDH:3580"
"RFBHX35","BPMS:UNDH:3590"
"PSHXH35","PHAS:UNDH:3595"
"PSSXH36","PHAS:UNDS:3670"
"QSXH36","QUAD:UNDS:3680"
"XCSX36","XCOR:UNDS:3680"
"YCSX36","YCOR:UNDS:3680"
"RFBSX36","BPMS:UNDS:3690"
"BLMS37","CBLM:UNDS:3710"
"UMAHXH36","USEG:UNDH:3650"
"XCHU36","EFC:UNDH:3650:X"
"YCHU36","EFC:UNDH:3650:Y"
"UMASXH37","USEG:UNDS:3750"
"XCSU37","EFC:UNDS:3750:X"
"YCSU37","EFC:UNDS:3750:Y"
"BLMH36","CBLM:UNDH:3675"
"QHXH36","QUAD:UNDH:3680"
"XCHX36","XCOR:UNDH:3680"
"YCHX36","YCOR:UNDH:3680"
"RFBHX36","BPMS:UNDH:3690"
"PSHXH36","PHAS:UNDH:3695"
"PSSXH37","PHAS:UNDS:3770"
"QSXH37","QUAD:UNDS:3780"
"XCSX37","XCOR:UNDS:3780"
"YCSX37","YCOR:UNDS:3780"
"RFBSX37","BPMS:UNDS:3790"
"BOD12",""
"BLMS38","CBLM:UNDS:3810"
"UMAHXH37","USEG:UNDH:3750"
"XCHU37","EFC:UNDH:3750:X"
"YCHU37","EFC:UNDH:3750:Y"
"UMASXH38","USEG:UNDS:3850"
"XCSU38","EFC:UNDS:3850:X"
"YCSU38","EFC:UNDS:3850:Y"
"BLMH37","CBLM:UNDH:3775"
"QHXH37","QUAD:UNDH:3780"
"XCHX37","XCOR:UNDH:3780"
"YCHX37","YCOR:UNDH:3780"
"RFBHX37","BPMS:UNDH:3790"
"PSHXH37","PHAS:UNDH:3795"
"PSSXH38","PHAS:UNDS:3870"
"QSXH38","QUAD:UNDS:3880"
"XCSX38","XCOR:UNDS:3880"
"YCSX38","YCOR:UNDS:3880"
"RFBSX38","BPMS:UNDS:3890"
"BLMS39","CBLM:UNDS:3910"
"UMAHXH38","USEG:UNDH:3850"
"XCHU38","EFC:UNDH:3850:X"
"YCHU38","EFC:UNDH:3850:Y"
"UMASXH39","USEG:UNDS:3950"
"XCSU39","EFC:UNDS:3950:X"
"YCSU39","EFC:UNDS:3950:Y"
"BLMH38","CBLM:UNDH:3875"
"QHXH38","QUAD:UNDH:3880"
"XCHX38","XCOR:UNDH:3880"
"YCHX38","YCOR:UNDH:3880"
"RFBHX38","BPMS:UNDH:3890"
"PSHXH38","PHAS:UNDH:3895"
"PSSXH39","PHAS:UNDS:3970"
"QSXH39","QUAD:UNDS:3980"
"XCSX39","XCOR:UNDS:3980"
"YCSX39","YCOR:UNDS:3980"
"RFBSX39","BPMS:UNDS:3990"
"UMAHXH39","USEG:UNDH:3950"
"XCHU39","EFC:UNDH:3950:X"
"YCHU39","EFC:UNDH:3950:Y"
"BLMS40","CBLM:UNDS:4010"
"BLMH39","CBLM:UNDH:3975"
"QHXH39","QUAD:UNDH:3980"
"XCHX39","XCOR:UNDH:3980"
"YCHX39","YCOR:UNDH:3980"
"UMASXH40","USEG:UNDS:4050"
"XCSU40","EFC:UNDS:4050:X"
"YCSU40","EFC:UNDS:4050:Y"
"RFBHX39","BPMS:UNDH:3990"
"PSHXH39","PHAS:UNDH:3995"
"PSSXH40","PHAS:UNDS:4070"
"UMAHXH40","USEG:UNDH:4050"
"XCHU40","EFC:UNDH:4050:X"
"YCHU40","EFC:UNDH:4050:Y"
"QSXH40","QUAD:UNDS:4080"
"XCSX40","XCOR:UNDS:4080"
"YCSX40","YCOR:UNDS:4080"
"RFBSX40","BPMS:UNDS:4090"
"BLMS41","CBLM:UNDS:4110"
"BLMH40","CBLM:UNDH:4075"
"QHXH40","QUAD:UNDH:4080"
"XCHX40","XCOR:UNDH:4080"
"YCHX40","YCOR:UNDH:4080"
"RFBHX40","BPMS:UNDH:4090"
"PSHXH40","PHAS:UNDH:4095"
"UMASXH41","USEG:UNDS:4150"
"XCSU41","EFC:UNDS:4150:X"
"YCSU41","EFC:UNDS:4150:Y"
"UMAHXH41","USEG:UNDH:4150"
"XCHU41","EFC:UNDH:4150:X"
"YCHU41","EFC:UNDH:4150:Y"
"PSSXH41","PHAS:UNDS:4170"
"QSXH41","QUAD:UNDS:4180"
"XCSX41","XCOR:UNDS:4180"
"YCSX41","YCOR:UNDS:4180"
"RFBSX41","BPMS:UNDS:4190"
"BLMS42","CBLM:UNDS:4210"
"BLMH41","CBLM:UNDH:4175"
"QHXH41","QUAD:UNDH:4180"
"XCHX41","XCOR:UNDH:4180"
"YCHX41","YCOR:UNDH:4180"
"RFBHX41","BPMS:UNDH:4190"
"PSHXH41","PHAS:UNDH:4195"
"UMASXH42","USEG:UNDS:4250"
"XCSU42","EFC:UNDS:4250:X"
"YCSU42","EFC:UNDS:4250:Y"
"UMAHXH42","USEG:UNDH:4250"
"XCHU42","EFC:UNDH:4250:X"
"YCHU42","EFC:UNDH:4250:Y"
"PSSXH42","PHAS:UNDS:4270"
"QSXH42","QUAD:UNDS:4280"
"XCSX42","XCOR:UNDS:4280"
"YCSX42","YCOR:UNDS:4280"
"RFBSX42","BPMS:UNDS:4290"
"BLMS43","CBLM:UNDS:4310"
"BLMH42","CBLM:UNDH:4275"
"QHXH42","QUAD:UNDH:4280"
"XCHX42","XCOR:UNDH:4280"
"YCHX42","YCOR:UNDH:4280"
"RFBHX42","BPMS:UNDH:4290"
"PSHXH42","PHAS:UNDH:4295"
"UMASXH43","USEG:UNDS:4350"
"XCSU43","EFC:UNDS:4350:X"
"YCSU43","EFC:UNDS:4350:Y"
"UMAHXH43","USEG:UNDH:4350"
"XCHU43","EFC:UNDH:4350:X"
"YCHU43","EFC:UNDH:4350:Y"
"PSSXH43","PHAS:UNDS:4370"
"QSXH43","QUAD:UNDS:4380"
"XCSX43","XCOR:UNDS:4380"
"YCSX43","YCOR:UNDS:4380"
"RFBSX43","BPMS:UNDS:4390"
"BLMS44","CBLM:UNDS:4410"
"BLMH43","CBLM:UNDH:4375"
"QHXH43","QUAD:UNDH:4380"
"XCHX43","XCOR:UNDH:4380"
"YCHX43","YCOR:UNDH:4380"
"RFBHX43","BPMS:UNDH:4390"
"PSHXH43","PHAS:UNDH:4395"
"UMASXH44","USEG:UNDS:4450"
"XCSU44","EFC:UNDS:4450:X"
"YCSU44","EFC:UNDS:4450:Y"
"UMAHXH44","USEG:UNDH:4450"
"XCHU44","EFC:UNDH:4450:X"
"YCHU44","EFC:UNDH:4450:Y"
"PSSXH44","PHAS:UNDS:4470"
"QSXH44","QUAD:UNDS:4480"
"XCSX44","XCOR:UNDS:4480"
"YCSX44","YCOR:UNDS:4480"
"RFBSX44","BPMS:UNDS:4490"
"BLMH44","CBLM:UNDH:4475"
"QHXH44","QUAD:UNDH:4480"
"XCHX44","XCOR:UNDH:4480"
"YCHX44","YCOR:UNDH:4480"
"RFBHX44","BPMS:UNDH:4490"
"BLMS45","CBLM:UNDS:4510"
"PSHXH44","PHAS:UNDH:4495"
"UMASXH45","USEG:UNDS:4550"
"XCSU45","EFC:UNDS:4550:X"
"YCSU45","EFC:UNDS:4550:Y"
"UMAHXH45","USEG:UNDH:4550"
"XCHU45","EFC:UNDH:4550:X"
"YCHU45","EFC:UNDH:4550:Y"
"PSSXH45","PHAS:UNDS:4570"
"BLMH45","CBLM:UNDH:4575"
"QHXH45","QUAD:UNDH:4580"
"XCHX45","XCOR:UNDH:4580"
"YCHX45","YCOR:UNDH:4580"
"RFBHX45","BPMS:UNDH:4590"
"QSXH45","QUAD:UNDS:4580"
"XCSX45","XCOR:UNDS:4580"
"YCSX45","YCOR:UNDS:4580"
"PSHXH45","PHAS:UNDH:4595"
"RFBSX45","BPMS:UNDS:4590"
"BLMS46","CBLM:UNDS:4610"
"UMAHXH46","USEG:UNDH:4650"
"XCHU46","EFC:UNDH:4650:X"
"YCHU46","EFC:UNDH:4650:Y"
"UMASXH46","USEG:UNDS:4650"
"XCSU46","EFC:UNDS:4650:X"
"YCSU46","EFC:UNDS:4650:Y"
"BLMH46","CBLM:UNDH:4675"
"QHXH46","QUAD:UNDH:4680"
"XCHX46","XCOR:UNDH:4680"
"YCHX46","YCOR:UNDH:4680"
"RFBHX46","BPMS:UNDH:4690"
"PSSXH46","PHAS:UNDS:4670"
"QSXH46","QUAD:UNDS:4680"
"XCSX46","XCOR:UNDS:4680"
"YCSX46","YCOR:UNDS:4680"
"RFBSX46","BPMS:UNDS:4690"
"BLMS47","CBLM:UNDS:4710"
"UMASXH47","USEG:UNDS:4750"
"XCSU47","EFC:UNDS:4750:X"
"YCSU47","EFC:UNDS:4750:Y"
"QSXH47","QUAD:UNDS:4780"
"XCSX47","XCOR:UNDS:4780"
"YCSX47","YCOR:UNDS:4780"
"RFBSX47","BPMS:UNDS:4790"
"RFBSX51","BPMS:UNDS:5190"
"RFBHX51","BPMS:UNDH:5190"
"PH33B","PCAV:DMPS:175"
"PH33","PCAV:DMPH:175"
"PH34B","PCAV:DMPS:180"
"PH34","PCAV:DMPH:180"
"YCUE1","YCOR:DMPH:201"
"YCUE1B","YCOR:DMPS:201"
"PH31","PCAV:DMPH:225"
"PH31B","PCAV:DMPS:225"
"PH32","PCAV:DMPH:230"
"PH32B","PCAV:DMPS:230"
"XCUE2","XCOR:DMPH:298"
"XCUE2B","XCOR:DMPS:298"
"QUE1","QUAD:DMPH:300"
"QUE1B","QUAD:DMPS:300"
"BPMUE1B","BPMS:DMPS:325"
"BPMUE1","BPMS:DMPH:325"
"TRUE1","THZR:DMPH:350"
"TRUE1B","THZR:DMPS:350"
"PCTCX","COLL:DMPH:351"
"PCTCXB","COLL:DMPS:351"
"TCX01","TCAV:DMPH:360"
"TCX01B","TCAV:DMPS:360"
"TCX02","TCAV:DMPH:361"
"TCX02B","TCAV:DMPS:361"
"SPTCX","SPLR:DMPH:373"
"SPTCXB","SPLR:DMPS:373"
"QUE2","QUAD:DMPH:380"
"QUE2B","QUAD:DMPS:380"
"BPMUE2B","BPMS:DMPS:381"
"BPMUE2","BPMS:DMPH:381"
"BTMQUEB","BTM:DMPS:385"
"BTMQUE","BTM:DMPH:339"
"PCPM0B","COLL:DMPS:310"
"PCPM0","COLL:DMPH:310"
"BTM0","BTM:DMPH:311"
"BTM0B",""
"YCD3B","YCOR:DMPS:391"
"YCD3","YCOR:DMPH:391"
"XCD3B","XCOR:DMPS:392"
"XCD3","XCOR:DMPH:392"
"BYDSH","BEND:DMPH:395"
"BYDSS","BEND:DMPS:395"
"BYD1B","BEND:DMPS:400"
"BYD1","BEND:DMPH:400"
"BYD2","BEND:DMPH:410"
"BYD2B","BEND:DMPS:410"
"BYD3B","BEND:DMPS:420"
"BYD3","BEND:DMPH:420"
"PCPM1","COLL:DMPH:710"
"PCPM1B","COLL:DMPS:710"
"PCPM1LB","COLL:DMPS:422"
"PCPM1L","COLL:DMPH:422"
"BTM1LB","BTM:DMPS:423"
"BTM1L","BTM:DMPH:423"
"BTM1","BTM:DMPH:711"
"BTM1B","BTM:DMPS:711"
"TV1L0_VGC_1",""
"SXTES0",""
"TP_HXTES0",""
"TV1L0_GCC_1",""
"TV1L0_GPI_1",""
"TV1L0_VRM_1",""
"RTDSL0",""
"RTDSL0_YAGXRAY",""
"YAGXRAYB","YAGS:DMPS:500"
"PC1S",""
"GMD1S",""
"IM1L0_XTES_VGC_1",""
"IM1L0_XTES_VRM_1",""
"IM1S",""
"IM1L0_XTES",""
"PCPM2","COLL:DMPH:800"
"BTM2","BTM:DMP1:801"
"BTM2B",""
"PCPM2B","COLL:DMPS:800"
"MBXPM1_PIP_1",""
"MBXPM1",""
"BXPM1","BEND:DMP1:810"
"BXPM1B",""
"MBXPM1B",""
"MBXPM2",""
"BXPM2","BEND:DMP1:820"
"IP1S",""
"SNSR1S",""
"YCDDB","YCOR:DMPS:440"
"YCDD","YCOR:DMPH:440"
"PCPM2LB","COLL:DMPS:450"
"PCPM2L","COLL:DMPH:450"
"BTM2LB","BTM:DMPS:451"
"BTM2L","BTM:DMPH:451"
"QDMP1","QUAD:DMPH:500"
"QDMP1B","QUAD:DMPS:500"
"BPMQD","BPMS:DMPH:502"
"BPMQDB","BPMS:DMPS:502"
"QDMP2","QUAD:DMPH:600"
"QDMP2B","QUAD:DMPS:600"
"PCPM3B","COLL:DMPS:998"
"BTM3B",""
"RO3S",""
"SL1S",""
"XCDD","XCOR:DMPH:602"
"XCDDB","XCOR:DMPS:602"
"CG3S",""
"PG3S",""
"TV2L0_PIP_1",""
"VV3S",""
"TV2L0_GCC_1",""
"TV2L0_GPI_1",""
"TV2L0_VRM_1",""
"TV2L0_VGC_1",""
"TV2L0_PIP_2",""
"TV2L0_VRM_2",""
"PCPM3","COLL:DMPH:998"
"BTM3",""
"TV2L0_GCC_2",""
"TV2L0_GFS_1",""
"TV2L0_GPI_2",""
"BPMDDB","BPMS:DMPS:693"
"BPMDD","BPMS:DMPH:693"
"OTRDMP","OTRS:DMPH:695"
"OTRDMPB","OTRS:DMPS:695"
"RFBDD","BPMS:DMPH:696"
"RFBDDB","BPMS:DMPS:696"
"WSDUMP","WIRE:DMPH:697"
"WSDUMPB","WIRE:DMPS:697"
"MSFTDMP",""
"SFTDMP","DUMP:DMP1:999"
"MSFTDMPB",""
"SFTDMPB",""
"MBTMSFT",""
"BTMSFT","BTM:DMPH:999"
"BTMSFTB",""
"MBTMSFTB",""
"TV2L0_PIP_3",""
"AT1S",""
"DUMPFACE","DUMP:DMPH:699"
"DUMPFACEB","DUMP:DMPS:699"
"BTMDUMPB","BTM:DMPS:699"
"BTMDUMP","BTM:DMPH:699"
"TP_WALL1HE",""
"TP_WALL1HW",""
"TV2L0_VGC_2",""
"SL1L0_PWR_GCC_1",""
"SL1L0_PWR_GPI_1",""
"SL1L0_PWR_VRM_1",""
"SL1L0_PWR",""
"SL1L0_PWR_PIP_1",""
"VV4S",""
"XGMD2S",""
"EM1L0_GEM",""
"VV5S",""
"AT1L0_GAS",""
"CG4S",""
"PG4S",""
"RO4S",""
"VV6S",""
"CG7S",""
"RO6S",""
"SPEC",""
"PG7S",""
"FV1S",""
"PC2S",""
"BTM2S",""
"PCB1S",""
"IM2S",""
"CG6S",""
"PG6S",""
"RGA1S",""
"RO8S",""
"SL2S",""
"EM2L0_GEM",""
"PA1S",""
"VV7S",""
"AT2L0_SOL_GCC_1",""
"AT2L0_SOL_GPI_1",""
"AT2L0_SOL_PIP_1",""
"AT2L0_SOL_VRM_1",""
"AT2L0_SOL",""
"PC1L0_XTES_VGC_1",""
"PC1L0_XTES",""
"BT1L0_XTES",""
"BS1L0_XTES",""
"PF1L0_WFS",""
"SL2L0_PWR",""
"IM2L0_XTES",""
"IP2S",""
"SP1L0_KMONO",""
"PA1L0_RGA_1",""
"PA1L0",""
"PA1L0_VFS_1",""
"ND1H",""
"PA1L0_GCC_1",""
"PA1L0_GCC_2",""
"PA1L0_GPI_1",""
"PA1L0_VRM_1",""
"MR1L0_HOMS_VGC_1",""
"IP3S",""
"MR1L0_HOMS_TXI",""
"MR1L0_HOMS_XTES",""
"MR1L1_TXI",""
"MR1L1_TXI_GBC_1",""
"BT2L0_PLEG_VGC_1",""
"BT2L0_PLEG_GCC_1",""
"BT2L0_PLEG_GPI_1",""
"BT2L0_PLEG_PIP_1",""
"BT2L0_PLEG_VRM_1",""
"IP4S",""
"BT2L0_PLEG_TXI",""
"BT2L0_PLEG_XTES",""
"TP_TXI_FEE",""
"IM3L0_PPM_PGT_1",""
"IM3L0_PPM_VRM_1",""
"CG5S",""
"PG5S",""
"RO5S",""
"IM1L1_PPM_PGT_1",""
"IM1L1_PPM_VRM_1",""
"GP1S",""
"IM1L1_PPM",""
"PC1L1_L2SI",""
"BT1L1_COMBO",""
"CG9S",""
"IP5S",""
"M1K4",""
"PG9S",""
"BS1L1_MINI",""
"IM3L0_PPM",""
"GP2S",""
"PC2L0_XTES",""
"BT3L0_L2SI",""
"TV1L1_VGC_1",""
"MR2L0_HOMS_VGC_1",""
"SLIT1S",""
"FV2S",""
"CG10S",""
"IP6S",""
"PG10S",""
"RO9S",""
"ST1S",""
"MR2L0_HOMS",""
"MR2L0_HOMS_GBC_1",""
"MR2L0_HOMS_VGC_2",""
"VV8S",""
"TV3L0_VFS_1",""
"SHLDG",""
"TV3L0_PIP_1",""
"PC2L1_L2SI_VGC_1",""
"PC2L1_L2SI_PIP_1",""
"PC2L1_L2SI",""
"BT2L1_L2SI",""
"PC3S",""
"BTM3S",""
"PCB2S",""
"IM3S",""
"PC3L0_XTES",""
"BT4L0_COMBO",""
"TP_LUSI",""
"BS3L0_LUSI",""
"PC4S",""
"SL3L0_PWR_FUT",""
"CG11S",""
"IP7S",""
"PG11S",""
"RO10S",""
"ST2S",""
"EM3L0_IPM_FUT",""
"IM4L0_XTES",""
"CG12S",""
"IP8S",""
"PG12S",""
"RO11S",""
"ST3S",""
"ST1L1_PPS",""
"ST1L1_PPS_GBC_1",""
"VV9S",""
"CG13S",""
"IP9S",""
"PG13S",""
"RO12S",""
"ST1L0_PPS",""
"ST1L0_PPS_GBC_1",""
"PC3L1_L2SI",""
"PC4L0_XTES",""
"BT3L1_COMBO",""
"BT5L0_COMBO",""
"BS2L1_LUSI",""
"PC5S",""
"BS4L0_LUSI",""
"BTM5S",""
"PCB3S",""
"BS2L1_LUSI_VRM_1",""
"TP_WALL2HE",""
"WALL1SE",""
"TP_WALL2HW",""
"WALL1SW",""
"TP_TXI",""
"CG8S",""
"PG8S",""
"RO7S",""
"VV10S",""
"RGA2S",""
"TP_XPP",""
"M2K4",""
"M3K4",""
"SNSR2S",""
"CG14S",""
"IP10S",""
"M4K4",""
"PG14S",""
"RO13S",""
"M5K4",""
"HPD",""
